timestamp_ms,_neutral,browDownLeft,browDownRight,browInnerUp,browOuterUpLeft,browOuterUpRight,cheekPuff,cheekSquintLeft,cheekSquintRight,eyeBlinkLeft,eyeBlinkRight,eyeLookDownLeft,eyeLookDownRight,eyeLookInLeft,eyeLookInRight,eyeLookOutLeft,eyeLookOutRight,eyeLookUpLeft,eyeLookUpRight,eyeSquintLeft,eyeSquintRight,eyeWideLeft,eyeWideRight,jawForward,jawLeft,jawOpen,jawRight,mouthClose,mouthDimpleLeft,mouthDimpleRight,mouthFrownLeft,mouthFrownRight,mouthFunnel,mouthLeft,mouthLowerDownLeft,mouthLowerDownRight,mouthPressLeft,mouthPressRight,mouthPucker,mouthRight,mouthRollLower,mouthRollUpper,mouthShrugLower,mouthShrugUpper,mouthSmileLeft,mouthSmileRight,mouthStretchLeft,mouthStretchRight,mouthUpperUpLeft,mouthUpperUpRight,noseSneerLeft,noseSneerRight
0.0,2.9007495e-07,0.0029648778,0.0016930843,0.04287293,0.34732485,0.23622751,1.1423925e-05,1.398198e-07,7.659024e-08,0.25653967,0.20647158,0.3574096,0.33447713,0.078209706,0.049899608,0.043744158,0.07886236,0.024382561,0.0223208,0.41160327,0.3220778,0.0025261228,0.0017335955,7.086111e-05,0.003220509,0.0055154846,1.3397675e-05,0.0006873433,0.0004694329,0.0042331154,0.0011699839,0.00091476884,0.0012655678,0.0051398845,0.0010972061,0.00068505603,0.006241167,0.030757993,0.033221316,0.00016518166,0.005601058,0.0035983948,0.0078013632,0.0141443005,0.00016666917,0.00017578361,0.0017428362,0.0010988362,0.00018185643,0.00040274393,1.88941e-06,3.553435e-07
1000.0,5.4995263e-07,0.008381036,0.0051419497,0.01422141,0.29512927,0.19488971,8.319221e-06,1.8267652e-07,9.838471e-08,0.093968965,0.046277452,0.07973719,0.07752666,0.008494027,0.24906987,0.22559701,0.016062083,0.10512615,0.112650774,0.3856062,0.28588152,0.0070433193,0.008462574,5.0199753e-05,0.0008234975,0.002584796,2.4514193e-05,0.000356965,0.00031981128,0.0035504587,0.002170766,0.00232551,0.0010425752,0.001882451,0.00064764486,0.00040819874,0.00487271,0.034924217,0.065151945,0.00048504345,0.004728228,0.0012949186,0.01687464,0.024122449,0.0001196975,0.00019065931,0.0010420177,0.0031398048,0.00014719115,0.00046613035,2.6715056e-06,4.4698862e-07
2000.0,4.3668203e-07,0.0037094872,0.0033198297,0.10841848,0.33593723,0.25649306,2.2226148e-05,3.688017e-07,1.7688016e-07,0.053560536,0.021950092,0.056006182,0.05292816,0.09131626,0.039664723,0.036692508,0.0948421,0.13551646,0.15703394,0.3043962,0.18168038,0.010284218,0.017796446,0.00016102155,0.0036733747,0.008624742,1.5405943e-05,0.00044575517,0.00012462056,0.0033256174,0.00486182,0.004064114,0.0025700515,0.0023167336,0.008997926,0.005579978,0.004539673,0.07116821,0.02255921,0.00014179334,0.004762047,0.0016160344,0.0027434076,0.0114266155,0.0002808004,0.0005607864,0.003141889,0.009970334,0.000255137,0.0006790578,2.9633761e-06,8.270581e-07
3000.0,1.060508e-06,0.014960185,0.016766874,0.010272058,0.21577859,0.15424122,2.9607058e-05,2.4670823e-07,7.014882e-07,0.0350712,0.011977175,0.10325964,0.09337889,0.18685642,0.018592231,0.0194762,0.1918031,0.09219239,0.11176097,0.2346488,0.11501537,0.020744557,0.05322652,6.491757e-05,0.0024225647,0.010202013,1.4134461e-05,0.0010166958,0.0012335941,0.013102754,0.027665362,0.028231096,3.9422586e-05,0.0003044539,0.0017383287,0.0012041901,0.17403264,0.49581483,0.00043884263,0.0007059786,0.102565795,0.048070535,0.036788408,0.0008899375,0.00050011656,0.00055679324,0.007946493,0.021628778,8.821612e-06,1.8793891e-05,8.6653034e-07,1.5767871e-06
4000.0,1.398729e-06,0.00692641,0.0064054695,0.036613937,0.2741239,0.2613488,3.9397928e-05,2.9426695e-07,1.0714627e-06,0.022558693,0.014061003,0.09305306,0.0873707,0.026774058,0.12533428,0.1208537,0.033022918,0.099843144,0.1295614,0.17824721,0.16859105,0.024521474,0.053984918,0.0001086109,0.0012276629,0.010937828,2.9859446e-05,0.0011533595,0.0022750709,0.02020423,0.020211875,0.018281117,3.7950333e-05,0.00030507948,0.0025674293,0.0018635147,0.30876815,0.5347603,0.00026844957,0.00079847925,0.107922815,0.05736334,0.020981705,0.0006781776,0.001666238,0.0017677567,0.013290124,0.023516962,6.945942e-06,1.9109884e-05,1.0476399e-06,1.5725208e-06
5000.0,6.273868e-07,0.0048079933,0.0035998349,0.054726012,0.277818,0.3240784,2.711395e-05,2.27509e-07,5.044562e-07,0.06736555,0.050009187,0.1438612,0.13292924,0.024962448,0.13862173,0.12691984,0.025932906,0.064742655,0.07555268,0.2699072,0.27274996,0.009005923,0.018251961,0.000133079,0.0012454946,0.005210997,1.6120124e-05,0.00054130534,0.0015394851,0.0062436173,0.018362304,0.016414,9.850541e-05,0.00096559036,0.0019088128,0.0016027655,0.11372221,0.20999119,0.0008811598,0.00019363292,0.019444712,0.012402759,0.006849801,0.0012040365,0.0016450877,0.0014559571,0.024368197,0.02442133,2.558832e-05,4.8696653e-05,1.896369e-06,1.0469039e-06
6000.0,5.731171e-07,0.008857848,0.006091283,0.029174592,0.21019468,0.26433524,1.4799138e-05,1.892294e-07,3.5091003e-07,0.058906738,0.044154193,0.12621002,0.11667328,0.048127063,0.06802247,0.07028719,0.05489037,0.070181675,0.08301965,0.24246435,0.25399914,0.009374936,0.01742929,6.74686e-05,0.0011398114,0.004905431,2.5838981e-05,0.00054238323,0.0008912116,0.001731548,0.0076130857,0.0084315995,0.00026229105,0.0010383313,0.0010703222,0.0011112128,0.040801622,0.06547448,0.0065243687,0.0002972452,0.014593615,0.006156799,0.007971855,0.0028709713,0.00031606518,0.0002915268,0.0041788197,0.009115575,2.7516897e-05,4.8988695e-05,1.7584204e-06,8.291809e-07
7000.0,3.909789e-07,0.010208414,0.010463017,0.027952196,0.20737638,0.18596,1.1695892e-05,1.3280297e-07,2.7105781e-07,0.041239716,0.027877806,0.12637098,0.12332975,0.034475688,0.08992258,0.08514874,0.041205447,0.06890449,0.077833615,0.23171484,0.19509012,0.014964472,0.025203291,4.615741e-05,0.0013830898,0.005694025,3.4571625e-05,0.0006843263,0.00070281513,0.0016895818,0.003372472,0.0032091285,0.00037179634,0.0012931094,0.0009815239,0.00091315527,0.020916646,0.03303598,0.027356442,0.00042267088,0.015749533,0.005537137,0.008926098,0.0025587683,7.77796e-05,6.503214e-05,0.0021691336,0.0019665174,1.7091708e-05,2.8870527e-05,1.6211229e-06,5.0774014e-07
8000.0,5.027416e-07,0.009485414,0.011518097,0.02081281,0.23344359,0.16881396,1.4116505e-05,1.2907586e-07,2.482811e-07,0.036492016,0.017793529,0.086012244,0.08154755,0.04718688,0.06695561,0.06722859,0.051157303,0.09859238,0.10899936,0.24118125,0.19075145,0.015437491,0.026577549,7.7584635e-05,0.000907069,0.0030428998,1.653997e-05,0.0006935529,0.001198753,0.0016095105,0.0016803528,0.0017223064,0.0006705081,0.0015769334,0.0007308191,0.00075715914,0.034751065,0.041355368,0.013731944,0.00031243736,0.004416212,0.0015893551,0.003990095,0.004170017,0.0012674894,0.0012228482,0.005803308,0.0062445607,6.315803e-05,8.907864e-05,1.6155515e-06,5.097196e-07
9000.0,4.894293e-07,0.01655785,0.01697151,0.01999191,0.21211268,0.13759713,5.103517e-06,1.654447e-07,1.8806126e-07,0.040297292,0.026131356,0.13681988,0.1370203,0.023862507,0.112887345,0.10779378,0.032594524,0.05592638,0.064386174,0.20217235,0.20166314,0.015654704,0.02391825,2.8551032e-05,0.0007851521,0.0018114911,4.0865616e-05,0.0003010647,0.0006786735,0.00075260515,0.0012628008,0.0015543901,0.0019898575,0.0016856173,0.00028557266,0.00030706433,0.006747339,0.0077295643,0.32277012,0.0009943449,0.0057851644,0.0015412685,0.014055438,0.01572487,4.077449e-05,3.2503784e-05,0.0007699032,0.0016389921,5.689924e-05,8.1984115e-05,3.4165628e-06,4.2705963e-07
10000.0,3.1328375e-07,0.016449813,0.0153846955,0.023547467,0.19436133,0.1666301,4.3489304e-06,1.6990894e-07,1.9526207e-07,0.032645956,0.018296398,0.1754935,0.17209578,0.14822929,0.020242298,0.024097813,0.15467277,0.043077353,0.046862025,0.15458906,0.14071442,0.019636821,0.042000733,2.1276404e-05,0.0022720918,0.0034821301,5.100814e-05,0.00032646753,0.00052743714,0.00072057603,0.00048148632,0.0005641223,0.0036023583,0.004206075,0.0005058261,0.00044857827,0.0020490503,0.003945898,0.663345,0.00064872566,0.009430686,0.004360626,0.010804384,0.013233117,5.0878793e-06,3.830223e-06,0.00021776668,0.0004883017,4.6118817e-05,7.078081e-05,3.0382512e-06,3.3861065e-07
11000.0,2.2073694e-07,0.015228429,0.017585177,0.037519854,0.1983504,0.1255176,3.7805162e-06,1.1678795e-07,1.996411e-07,0.023781655,0.008114935,0.21734898,0.2103181,0.04103292,0.07584342,0.071481325,0.046701647,0.03565395,0.038848832,0.10598584,0.07592853,0.028903581,0.086125374,2.3287625e-05,0.0023890394,0.0028803386,5.026859e-05,0.0003716061,0.0003979744,0.0008187844,0.0002409443,0.00023237708,0.0052557345,0.003863507,0.00039181428,0.00033222462,0.0017705355,0.0028414652,0.79418784,0.0010568952,0.006026077,0.0042502764,0.006290886,0.009448568,5.5203473e-06,3.7419602e-06,0.00028584176,0.00026305893,2.3496266e-05,3.877868e-05,3.1780526e-06,2.1316026e-07
12000.0,1.8831126e-07,0.0048641153,0.0045105657,0.11378446,0.4130194,0.2472772,7.89771e-06,1.6360535e-07,1.8313021e-07,0.03237989,0.012023212,0.15522121,0.16421643,0.0033249962,0.4368059,0.41973272,0.0048151696,0.05079467,0.053063307,0.1558991,0.09037456,0.030616103,0.053042963,7.167104e-05,0.0015987791,0.004498753,9.3655304e-05,0.00015443405,0.00029985554,0.0010987028,0.00092063635,0.0009896551,0.0055119735,0.0021858115,0.0040563312,0.0029327394,0.001192706,0.005381515,0.56118166,0.0007242606,0.0037842821,0.003235917,0.0022749072,0.00941465,7.866057e-06,7.3530578e-06,0.000317982,0.0007968161,5.960186e-05,0.00013182331,8.586704e-06,4.7603112e-07
13000.0,1.5745901e-07,0.0037930412,0.0040198048,0.10491837,0.35760763,0.20055267,4.454224e-06,1.6847949e-07,9.3541175e-08,0.12081954,0.058306344,0.3906708,0.39297843,0.021783607,0.12951526,0.12524197,0.029423052,0.016241996,0.017339114,0.1952282,0.16423571,0.008369132,0.01323582,4.091405e-05,0.0011755511,0.0015399645,3.6771755e-05,0.00018610436,0.00022310729,0.0012953115,0.0010401026,0.00084472535,0.004013506,0.0010927131,0.0007857554,0.00044549946,0.0016843427,0.005801028,0.5246916,0.0021459188,0.0024177707,0.0011911477,0.0066174297,0.01977501,2.7241595e-05,2.5598816e-05,0.0011778253,0.00063072634,0.00014263914,0.00031333943,5.7609386e-06,2.9516664e-07
14000.0,4.1635604e-07,0.007963257,0.0058570784,0.030820806,0.27337712,0.21092255,5.0445365e-06,2.0986433e-07,1.3029943e-07,0.11649973,0.062601596,0.29943353,0.29237512,0.036805797,0.07901801,0.083915696,0.04812223,0.025050886,0.023492951,0.28532135,0.18086886,0.0077688685,0.008906158,2.397609e-05,0.0014019262,0.0024269985,2.8825298e-05,0.00029293128,0.0004040867,0.0009025714,0.0021386365,0.0026682636,0.00156054,0.0012582822,0.00039590796,0.00034589085,0.0032505211,0.009088609,0.35751617,0.001374646,0.008380374,0.0015054469,0.03183137,0.030109582,1.453954e-05,1.3992792e-05,0.0004209071,0.0014842814,0.00016321709,0.00032749094,4.373974e-06,4.5583465e-07
15000.0,2.7488505e-07,0.0071429955,0.007212622,0.02628475,0.4249884,0.22593921,5.291041e-06,1.4010064e-07,1.2428087e-07,0.091041684,0.053752188,0.21817665,0.22241625,0.0037853727,0.37431026,0.36342183,0.008319684,0.03485834,0.033095013,0.23430379,0.15554659,0.012681813,0.011429459,4.0235685e-05,0.0019277565,0.0019983517,4.2845346e-05,0.00022566237,0.00048058762,0.0009434004,0.00037619274,0.00037086572,0.008536627,0.0020854077,0.0005419228,0.00049598224,0.0014172724,0.0028851975,0.839689,0.001746303,0.003754782,0.0020362136,0.0085209785,0.01874196,8.664553e-06,5.8874784e-06,0.00033920704,0.00037708142,9.101687e-05,0.00016110402,6.6881803e-06,2.956712e-07
16000.0,2.840323e-07,0.015191188,0.020532355,0.012092795,0.29785934,0.14727409,4.1555336e-06,1.2090452e-07,1.64872e-07,0.045050774,0.015595473,0.15992956,0.15319556,0.059291806,0.047463212,0.058252294,0.06980697,0.046002883,0.052621193,0.15187715,0.10388243,0.01914931,0.037559427,2.4197776e-05,0.0023179804,0.0020473874,3.0378538e-05,0.00023784154,0.00082912133,0.0005868585,0.00028360958,0.00038415877,0.005994329,0.003506308,0.00039065175,0.0004280091,0.0021436329,0.0030958126,0.8080181,0.0009232985,0.005444685,0.0024013687,0.010338491,0.015488759,7.4938225e-06,4.8181287e-06,0.0002155263,0.0005332304,6.543855e-05,8.474783e-05,4.5241686e-06,2.8573714e-07
17000.0,2.5460176e-07,0.01947094,0.02177977,0.011110816,0.2256536,0.121906266,3.9330607e-06,1.1644363e-07,1.1047901e-07,0.077159524,0.03601594,0.22371951,0.21609336,0.09407031,0.03215093,0.038584903,0.10234135,0.034120597,0.033889182,0.25157428,0.15496196,0.013091646,0.015490197,2.6036198e-05,0.002471587,0.0026661467,3.946005e-05,0.00038770263,0.0005206493,0.0010343317,0.0001532827,0.00017181809,0.009404111,0.0028218331,0.00042148327,0.0003624066,0.0014174782,0.003764426,0.8399502,0.0013382732,0.0044302153,0.0027522699,0.0071338266,0.012754318,7.290829e-06,6.332057e-06,0.00018098786,0.00036282244,4.8109112e-05,8.556718e-05,3.195159e-06,2.4172058e-07
18000.0,3.2522993e-07,0.013534015,0.01653813,0.020174919,0.25271943,0.16373672,4.633338e-06,2.0677076e-07,1.8510222e-07,0.027091613,0.008044968,0.17112766,0.16792686,0.092027724,0.030457426,0.03830945,0.10369305,0.04650261,0.050437346,0.1516603,0.07780421,0.028747408,0.0726089,1.868864e-05,0.0025701518,0.003857855,4.6017336e-05,0.00034994917,0.00022528056,0.0008034644,0.0012810646,0.0015266782,0.0030979782,0.003203045,0.0006897151,0.00045580597,0.0010866234,0.0058729476,0.7464364,0.0007928821,0.011995245,0.0035395038,0.017834885,0.018099809,2.6559158e-06,2.662748e-06,0.00020727508,0.0006957793,4.279103e-05,9.874757e-05,3.586203e-06,3.8347955e-07
19000.0,2.7902354e-07,0.012417054,0.016568413,0.02766898,0.24147467,0.13765022,3.5149053e-06,1.5999721e-07,1.6493728e-07,0.034314286,0.013754044,0.1878674,0.17849942,0.059331514,0.04721015,0.057846073,0.07363905,0.042243596,0.046120632,0.15061867,0.107739046,0.023202097,0.050183408,2.0572821e-05,0.0021780648,0.0028488205,5.1704403e-05,0.0003803071,0.00041467705,0.00084625883,0.0002794314,0.00034071115,0.006850739,0.0040523238,0.00041731496,0.00031771927,0.001111828,0.0034092485,0.86345416,0.0010731497,0.0071318853,0.0034897237,0.010914898,0.015645,3.345481e-06,2.9176367e-06,0.00014587161,0.00041924085,3.739553e-05,7.113775e-05,3.4679904e-06,2.671098e-07
20000.0,3.4184035e-07,0.011604897,0.012663012,0.01796705,0.25623325,0.17027402,4.0532987e-06,1.6668379e-07,1.7141376e-07,0.03560353,0.021057116,0.1765927,0.1774442,0.043970358,0.06293188,0.071400486,0.0568357,0.045262605,0.04689195,0.1968443,0.143597,0.022348648,0.03252852,2.1535656e-05,0.0020498722,0.0028202487,4.6764264e-05,0.00034485816,0.00046057452,0.0006720044,0.0005107886,0.0006337539,0.0048275096,0.0032741048,0.00041600066,0.00034895595,0.0014031256,0.0030824977,0.7936102,0.0010118918,0.007146808,0.0029795337,0.013508332,0.018689739,4.286949e-06,3.4291043e-06,0.00019632225,0.00057568616,5.696857e-05,0.0001046534,4.0434807e-06,3.2462103e-07
21000.0,3.359131e-07,0.010295708,0.014062847,0.019762497,0.2909781,0.19396043,4.6044065e-06,2.1902125e-07,1.8228357e-07,0.02283782,0.007546591,0.10493228,0.10102183,0.15564363,0.017043578,0.022905273,0.16781077,0.07231251,0.08086865,0.13474673,0.07772595,0.026959373,0.07012715,1.9592217e-05,0.0023923276,0.004109504,6.4932e-05,0.00032371475,0.00026214233,0.001607648,0.00054867275,0.0005054,0.006908678,0.004267705,0.0008310759,0.000532239,0.00095684535,0.0053563565,0.7632093,0.0007479931,0.010661994,0.0034800393,0.01568876,0.025512923,3.830939e-06,4.1262865e-06,0.00018248976,0.00033729224,7.200548e-05,0.00019152077,2.6553967e-06,2.7682077e-07
22000.0,2.4904375e-07,0.010949912,0.0125250835,0.019015798,0.2911169,0.1899293,4.689886e-06,1.6987362e-07,1.554095e-07,0.04494669,0.017417861,0.15225111,0.15264674,0.04830889,0.055959515,0.06730367,0.06397121,0.05173549,0.054558825,0.203842,0.113312945,0.016983382,0.03918025,3.015217e-05,0.0020867249,0.0033202749,5.6955203e-05,0.00027771146,0.00030518917,0.0011275391,0.00038264217,0.00038576676,0.008656733,0.0023262438,0.0008677048,0.0006413266,0.0011562112,0.0032468925,0.7837357,0.0013332824,0.0048314733,0.002734543,0.0065336474,0.01652372,6.1288774e-06,5.4027287e-06,0.00023834368,0.00040165658,6.645979e-05,0.0001451864,3.98241e-06,3.0982764e-07
23000.0,2.1330342e-07,0.0111441305,0.0124447355,0.016067525,0.31055427,0.20494086,4.676451e-06,1.353435e-07,1.4450106e-07,0.042914003,0.017707769,0.19160059,0.18772575,0.05550199,0.047573853,0.061552197,0.07477327,0.040379267,0.04165736,0.18941176,0.10581135,0.0193724,0.0373683,2.4410941e-05,0.0027469504,0.0035570846,5.610353e-05,0.00037034386,0.00035513076,0.0016902072,0.00016187009,0.00014668984,0.0076258495,0.0026031546,0.0006672115,0.000461389,0.0011878291,0.0034786405,0.85543936,0.0019155899,0.006818631,0.004443905,0.00708786,0.011784659,3.6299953e-06,2.9863618e-06,0.00017419238,0.00017393113,3.416577e-05,7.5570075e-05,3.2799321e-06,2.3009291e-07
24000.0,2.7002062e-07,0.012339151,0.0104471855,0.024981761,0.2286212,0.21575896,5.0330664e-06,1.8146177e-07,1.6265635e-07,0.038748916,0.018028896,0.20459801,0.20577712,0.09920153,0.029307537,0.035924144,0.10935659,0.037180476,0.036635946,0.18423761,0.111488044,0.01879766,0.04147554,2.3878678e-05,0.0022713763,0.0045148996,7.662073e-05,0.00039396939,0.00042758728,0.0013117865,0.00021670971,0.00024020436,0.0074055837,0.0041032927,0.00085000263,0.0006496534,0.0012428255,0.0042204284,0.81518924,0.00091556413,0.009827638,0.0050947117,0.0092606265,0.014066677,3.0539027e-06,2.6592563e-06,0.00011038685,0.00028728103,4.647462e-05,8.2498584e-05,3.0886874e-06,2.834616e-07
25000.0,3.0699e-07,0.014155821,0.014236217,0.014677035,0.24154234,0.19142681,4.2504616e-06,1.4498487e-07,2.003808e-07,0.030186595,0.013864677,0.2048087,0.19992967,0.10425463,0.027969899,0.033926878,0.11530439,0.037332296,0.036794618,0.16326861,0.100587144,0.024227962,0.049931765,1.9151334e-05,0.0021257927,0.0036009552,6.8786685e-05,0.0004470784,0.0007683138,0.0011331878,0.00011268117,0.00014354814,0.00688952,0.0042991405,0.00042915816,0.00039125144,0.0015361969,0.0032271226,0.86122406,0.0012785476,0.010669451,0.005435332,0.011372501,0.013601905,2.781762e-06,2.2778893e-06,7.546026e-05,0.0002721702,4.012009e-05,6.364157e-05,2.9653945e-06,2.390738e-07
26000.0,2.7136508e-07,0.010589752,0.0088046985,0.02059951,0.28403354,0.22833072,4.477443e-06,1.9726497e-07,1.4503729e-07,0.038770873,0.01806569,0.17705105,0.17541091,0.047904618,0.057960298,0.065909944,0.06156847,0.043054774,0.047181886,0.1662376,0.13220617,0.01679033,0.040945448,2.5132998e-05,0.0015333274,0.0028807453,6.849285e-05,0.00023723433,0.00037751338,0.0011840358,0.00044165502,0.000444078,0.0065336237,0.002644714,0.00069221243,0.00058696367,0.0013641806,0.0036291922,0.7948083,0.0012137849,0.006295747,0.0026962445,0.012746604,0.023611102,5.2117343e-06,4.199432e-06,0.00022239494,0.00034562073,8.088962e-05,0.00017624363,3.743131e-06,2.8064798e-07
27000.0,2.268495e-07,0.0075177955,0.007206696,0.024960484,0.33915797,0.20980318,4.0975115e-06,1.4796024e-07,1.11067e-07,0.052768394,0.02292942,0.17747517,0.17604241,0.04257202,0.06496655,0.07545275,0.056860268,0.044222225,0.04686404,0.23512961,0.1333681,0.014716177,0.029033162,2.2260934e-05,0.0017475894,0.0024995892,5.758407e-05,0.00030526106,0.00041564947,0.0017324077,0.00018947753,0.0001631371,0.0062434305,0.0019489382,0.00043507427,0.00031441162,0.0013198088,0.0030788223,0.83277357,0.0027153264,0.005058707,0.0031373685,0.0109514035,0.0190064,5.690309e-06,4.3504488e-06,0.00024133378,0.0001803603,5.5569202e-05,0.00012930653,3.6318581e-06,1.992261e-07
28000.0,2.0134203e-07,0.007917466,0.0074401465,0.029383624,0.31120008,0.20965362,4.134716e-06,1.5288181e-07,9.47464e-08,0.10094112,0.055876233,0.17084795,0.16388658,0.10534248,0.029611541,0.037171345,0.11124144,0.047549527,0.051954795,0.25075087,0.19138703,0.008622748,0.012381032,3.050869e-05,0.0017626949,0.001795187,4.373721e-05,0.00017993928,0.0003362481,0.0009360001,0.0005572907,0.00045593115,0.0061714337,0.0026752062,0.00057093304,0.00041321386,0.0014254405,0.0028834422,0.7608727,0.0010779384,0.0028651403,0.0019022089,0.00648704,0.01820475,1.1832077e-05,8.250072e-06,0.0007047185,0.00034505464,7.020772e-05,0.00013628617,5.0127173e-06,2.5628458e-07
29000.0,3.347589e-07,0.010789728,0.009455628,0.012805672,0.28734794,0.22232182,4.4535063e-06,1.5385314e-07,1.4888397e-07,0.05085952,0.032286845,0.22791335,0.22489771,0.11279123,0.027080964,0.03143751,0.12223129,0.033751294,0.032071803,0.24384996,0.17401053,0.01599377,0.021732187,2.0411482e-05,0.0023612573,0.0034953007,5.069275e-05,0.000563242,0.0007860512,0.0010200584,0.00014952356,0.00018374636,0.006443364,0.0042302636,0.00032367618,0.0003057043,0.0018280309,0.0033616326,0.8247857,0.0010695022,0.008577453,0.0046893833,0.011772371,0.014870919,4.4938784e-06,3.3851422e-06,0.000120443205,0.00032336096,4.550788e-05,6.76468e-05,2.8601023e-06,2.6136576e-07
30000.0,2.1385868e-07,0.0069225077,0.0063411263,0.023307094,0.34710526,0.24808216,4.545416e-06,1.3430933e-07,9.9823744e-08,0.06545051,0.037749514,0.25128257,0.24840122,0.043012142,0.068728246,0.072695434,0.05238572,0.03062711,0.028923107,0.2555232,0.16790211,0.013254984,0.018432487,2.772451e-05,0.0017639935,0.0030518628,5.8318456e-05,0.00035546388,0.0004056299,0.0019682944,0.00015331764,0.0001531604,0.00802607,0.0030939705,0.0006342887,0.0004618041,0.0011716222,0.00466814,0.81728077,0.0012901337,0.004935795,0.0032568364,0.0072598597,0.014443957,5.6743015e-06,5.4721772e-06,0.00014614452,0.00027303907,5.0500228e-05,0.00011406179,3.387432e-06,2.197663e-07
31000.0,2.3518174e-07,0.008278145,0.0058299894,0.03009774,0.34478444,0.26700872,4.5574784e-06,2.2430287e-07,1.2039044e-07,0.08698378,0.059279617,0.23536703,0.23049662,0.030710887,0.085756704,0.0970753,0.04765157,0.03326529,0.035532814,0.22101055,0.23099457,0.009699669,0.015313875,3.315948e-05,0.0016983746,0.0025576698,6.0083166e-05,0.00020447533,0.0002831314,0.00080689095,0.000878913,0.0008509053,0.0061115683,0.002293686,0.0007260577,0.00059188856,0.0010715297,0.0024331098,0.8308446,0.0012295282,0.0043636025,0.0021511323,0.008920435,0.019279057,5.17934e-06,3.4626432e-06,0.00041719925,0.00044729453,7.720322e-05,0.00014455909,5.809555e-06,3.7339427e-07
32000.0,3.6988976e-07,0.018243648,0.02625712,0.009714635,0.27215728,0.10774973,3.7995462e-06,1.5044529e-07,1.8767786e-07,0.032287683,0.011699546,0.13141929,0.13190573,0.0038860543,0.3800671,0.37945947,0.0068811704,0.059364725,0.059907343,0.18002468,0.103921555,0.026491316,0.04865945,2.3559853e-05,0.0015552532,0.003266642,8.6959655e-05,0.0004307558,0.00047590176,0.00089566177,0.0002291573,0.0002957016,0.008347952,0.0026913048,0.0003572975,0.00030201886,0.0008355997,0.0024555882,0.9149775,0.0019446877,0.0073080175,0.0045549497,0.012433359,0.01938539,2.2038114e-06,1.967546e-06,9.8662946e-05,0.0004218636,4.3470667e-05,9.3162635e-05,4.2407037e-06,2.5434306e-07
33000.0,2.3656607e-07,0.01393668,0.019924175,0.012942257,0.2884573,0.14278989,3.995522e-06,1.13854746e-07,1.2745487e-07,0.035153046,0.01323816,0.12825117,0.12733483,0.02940086,0.08564941,0.091831595,0.042037174,0.058786765,0.06355759,0.1637941,0.11009854,0.022453455,0.04612474,2.2892815e-05,0.0025393784,0.002682514,4.431119e-05,0.00028157514,0.000505362,0.0015823721,0.00011259492,0.000121607045,0.009852986,0.00459271,0.000516794,0.000402709,0.0009896948,0.0033267634,0.90146714,0.0011503592,0.0053886347,0.0038662932,0.008209981,0.015623646,3.514912e-06,2.9717844e-06,0.00011301766,0.00022150739,4.290553e-05,9.226422e-05,3.6832473e-06,2.0013749e-07
34000.0,2.548685e-07,0.0067637484,0.0072800335,0.022961745,0.3915784,0.2377006,5.0927533e-06,1.2522543e-07,1.13435746e-07,0.11271477,0.060647886,0.2694097,0.26008475,0.031981613,0.08497663,0.08943853,0.042364012,0.0269489,0.025882885,0.26941106,0.18191592,0.008857576,0.01005442,2.7642382e-05,0.0021808585,0.0023393477,3.5594352e-05,0.00030687588,0.0008590074,0.0010378077,0.00022105651,0.00023645346,0.00609396,0.0029463756,0.00044291012,0.00045833908,0.0022211028,0.003260943,0.8165778,0.0012429735,0.005699226,0.0024859798,0.010767337,0.015049583,7.839972e-06,4.7226263e-06,0.00023769171,0.0002752159,6.996518e-05,0.00010216504,4.5997454e-06,2.5058185e-07
35000.0,2.17248e-07,0.010067276,0.01190772,0.021980789,0.3492738,0.18771479,4.818018e-06,1.2958724e-07,1.12651456e-07,0.056165032,0.023459943,0.18153244,0.18413015,0.02662061,0.09729114,0.097558886,0.036440548,0.04025708,0.04113066,0.19062875,0.11776524,0.015813373,0.026645275,2.252224e-05,0.0028591799,0.0030380867,3.685049e-05,0.000266594,0.0003636667,0.0015625948,0.0003465396,0.00033577703,0.004779473,0.0032254881,0.00059702893,0.00047118874,0.0011962766,0.0044939145,0.8431144,0.0011331356,0.008708848,0.004352603,0.01173613,0.013615686,2.7148956e-06,2.049488e-06,0.00019453601,0.00022257416,3.3603235e-05,7.1092996e-05,4.230412e-06,2.3608962e-07
36000.0,3.1997496e-07,0.008062533,0.009891374,0.016594812,0.3827841,0.20636304,5.2371247e-06,1.3189181e-07,1.33824e-07,0.061959304,0.038642135,0.17421328,0.18157458,0.01279005,0.16796423,0.17209989,0.023316985,0.04295535,0.043504685,0.22283812,0.1598022,0.015465216,0.016334642,2.4200754e-05,0.0023838915,0.0025376591,3.8165297e-05,0.000340109,0.0007523301,0.00095697667,0.00028456215,0.00030527703,0.005503897,0.0028195677,0.0003811313,0.00036661766,0.002338924,0.0037482507,0.8188794,0.0014514744,0.0074849334,0.003227641,0.015156928,0.017670756,5.878255e-06,3.573002e-06,0.0002519397,0.00027141278,5.0204108e-05,8.5051746e-05,4.4771696e-06,2.5992605e-07
37000.0,1.8271032e-07,0.013578374,0.009269451,0.017711444,0.24973667,0.16374393,4.3255645e-06,1.04083576e-07,6.7952975e-08,0.07381076,0.05100956,0.20660406,0.21890104,0.046161223,0.06270889,0.07159682,0.059244234,0.038889877,0.036086798,0.28086945,0.15343495,0.014093046,0.011827675,3.0091389e-05,0.002757664,0.0016715229,2.3074712e-05,0.00018660988,0.00037509477,0.0017721199,0.0002745811,0.0002111577,0.0073816916,0.0039200378,0.00050931814,0.00033203556,0.0012905877,0.0041445447,0.80729413,0.0008782914,0.003274587,0.0020486293,0.00844314,0.01676928,8.922091e-06,6.697314e-06,0.0004933465,0.00020034864,7.387618e-05,0.00015766508,4.0564155e-06,1.8570037e-07
38000.0,2.263529e-07,0.013770249,0.011420714,0.017097425,0.2827323,0.13931678,3.9660404e-06,1.2853697e-07,8.7645994e-08,0.10448498,0.049624443,0.1471277,0.14751919,0.03987133,0.0763929,0.07858108,0.048343092,0.056102596,0.05792722,0.2939853,0.14851867,0.010216363,0.0116005,3.0865216e-05,0.0023248717,0.0015596763,2.6836457e-05,0.0001494245,0.00044763382,0.0011893723,0.00051186915,0.00048034167,0.0073405984,0.0025498576,0.00053911045,0.0004313973,0.0011141472,0.0029196523,0.85834146,0.0012062415,0.003805928,0.0017108822,0.010445806,0.018797958,6.037588e-06,4.2869656e-06,0.0003770034,0.00033413456,7.290729e-05,0.00014994876,6.0868047e-06,2.3515528e-07
39000.0,2.4387307e-07,0.011275018,0.01041765,0.019377625,0.33094466,0.16662376,4.6764335e-06,1.391093e-07,9.668331e-08,0.10499894,0.057183664,0.14902315,0.14979969,0.022267446,0.11218035,0.11907916,0.035612,0.054611705,0.057491317,0.30947417,0.19300431,0.009814153,0.0105684195,3.2711258e-05,0.003220425,0.0019553972,2.6309928e-05,0.00020212348,0.00048216464,0.0011562598,0.00038630035,0.00034584175,0.008923099,0.002946024,0.00056940544,0.0004438615,0.0012907315,0.0029674883,0.8619977,0.001120077,0.0044292384,0.0020963843,0.009391751,0.016625741,6.6298007e-06,4.3036002e-06,0.0004014493,0.0002552224,5.773605e-05,0.000111782836,5.1230813e-06,2.584299e-07
40000.0,2.582311e-07,0.009196599,0.008799875,0.018826054,0.3408042,0.20408507,4.2997644e-06,1.348934e-07,8.891184e-08,0.081010334,0.039896853,0.20707828,0.21067068,0.08330466,0.036407378,0.041297957,0.09303093,0.037227705,0.035339285,0.29350775,0.13767429,0.012812617,0.013334462,2.4279996e-05,0.0026713617,0.0019335863,2.3536904e-05,0.00021869429,0.0004100363,0.00089206675,0.00056376134,0.00057743397,0.005971385,0.004761283,0.00043603277,0.0003335305,0.0013125483,0.0040187854,0.79989886,0.0005556905,0.004760005,0.0018379566,0.013012595,0.021063682,7.179179e-06,5.3888143e-06,0.00032165268,0.0004167143,8.176933e-05,0.00014747551,4.503046e-06,2.7596937e-07
41000.0,2.752077e-07,0.009083274,0.008232501,0.014572058,0.34516516,0.20733073,4.6447435e-06,1.1288181e-07,9.256396e-08,0.07898336,0.05225329,0.18549019,0.19727597,0.03654603,0.072768964,0.08514842,0.05282298,0.042456243,0.040256742,0.29084045,0.16905592,0.012969501,0.010860736,2.0964597e-05,0.002846347,0.00270656,3.068566e-05,0.00040972096,0.00063233514,0.0013423631,0.00021653992,0.0002256628,0.005098408,0.0035853363,0.0003373147,0.00027042217,0.0017661552,0.0048256116,0.7932845,0.0010584787,0.007625474,0.003440266,0.01575767,0.015853819,5.4127954e-06,4.0330747e-06,0.00018571118,0.0002423317,4.576945e-05,8.7191904e-05,3.1610828e-06,2.1701173e-07
42000.0,3.7188465e-07,0.0083830375,0.009731797,0.01813162,0.35320356,0.1908469,4.23469e-06,1.5426423e-07,1.1741165e-07,0.07893284,0.057740334,0.1570434,0.1657697,0.028818304,0.090278186,0.100218065,0.042971805,0.049367838,0.04846866,0.2701246,0.18019472,0.012472537,0.010491949,2.0970796e-05,0.0020819986,0.0019267282,3.505634e-05,0.00027349056,0.00072994415,0.00071499124,0.00041405452,0.00048389498,0.006314311,0.0031386889,0.00028977406,0.00027597812,0.0017920869,0.0030531615,0.856256,0.0012382541,0.006377887,0.001982282,0.022232503,0.026802951,5.8539813e-06,3.8260064e-06,0.0002324245,0.00041759788,8.333831e-05,0.00013981476,5.1603874e-06,2.741256e-07
43000.0,2.6242174e-07,0.0068561826,0.0081293825,0.01846428,0.401388,0.20822594,4.382007e-06,1.2265622e-07,9.9986856e-08,0.099583976,0.06423863,0.22541283,0.22523277,0.033480346,0.08042412,0.09028746,0.04728346,0.034294132,0.03308836,0.27548844,0.1853037,0.010447684,0.009611085,2.1947128e-05,0.0026056254,0.0020776223,3.139931e-05,0.00029853,0.00078527635,0.0010277738,0.00023567381,0.00023420995,0.0062504075,0.003064821,0.00031934606,0.0002800494,0.0018244308,0.0030771496,0.85532403,0.0014435985,0.005768275,0.0024553402,0.015428941,0.019402653,6.6083394e-06,4.049937e-06,0.00026236637,0.00022053592,6.761784e-05,0.0001188919,4.357823e-06,2.1973193e-07
44000.0,3.2794367e-07,0.0063777724,0.008270191,0.015366337,0.37681964,0.20001853,4.352241e-06,1.3560164e-07,1.09038915e-07,0.08384516,0.054918192,0.21644185,0.21544693,0.03503663,0.081476636,0.08830421,0.047674015,0.03778906,0.03534432,0.28662106,0.17879835,0.012681932,0.010504617,1.977058e-05,0.002533454,0.0021822285,2.8369297e-05,0.00038133428,0.00076460704,0.0011020068,0.0002820378,0.00030328726,0.0051673288,0.0039201607,0.0002482559,0.00021654819,0.0021074836,0.004470257,0.8137709,0.0010823183,0.007537718,0.0022284766,0.024768893,0.023246173,6.7371584e-06,4.7374447e-06,0.0002277489,0.00031329793,7.711581e-05,0.0001426994,3.6757451e-06,2.2183093e-07
45000.0,3.098436e-07,0.022572864,0.016506566,0.0073872283,0.24990882,0.15256241,5.2826713e-06,1.0963284e-07,1.2810058e-07,0.045572028,0.017850393,0.08976994,0.10191724,0.006916534,0.27130562,0.27097026,0.012202965,0.08457478,0.08474787,0.24709573,0.10338933,0.020774215,0.027930703,2.8333445e-05,0.0038282245,0.0027873486,2.5382975e-05,0.00034382485,0.0004915571,0.0010940597,0.00045387135,0.0004620089,0.005098626,0.0038217274,0.0004474615,0.00037489337,0.0015062226,0.0037969549,0.8156338,0.00078363065,0.0077749803,0.0038346234,0.0122985905,0.013204475,4.0846644e-06,2.7564554e-06,0.00027866336,0.00029043318,3.117241e-05,5.7000303e-05,3.949618e-06,2.4559694e-07
46000.0,2.2561346e-07,0.009788446,0.008554492,0.018723678,0.31587225,0.21189414,4.687829e-06,1.1962581e-07,1.1103713e-07,0.10936171,0.053196196,0.28668207,0.27343717,0.12837996,0.024574075,0.026560737,0.13679469,0.026953815,0.024746427,0.31297377,0.1644144,0.00993239,0.010582081,3.3029293e-05,0.0032742042,0.0021519451,2.2906595e-05,0.00026740786,0.0006990544,0.00090979825,0.0002700017,0.00030307105,0.006882216,0.0036110142,0.00056431105,0.0005100457,0.0017323468,0.0037749293,0.79071665,0.00073723996,0.004512099,0.0019509298,0.007356014,0.010991888,9.217369e-06,6.686822e-06,0.00023791527,0.00040111478,5.8838967e-05,8.576038e-05,4.21375e-06,2.8756872e-07
47000.0,2.41996e-07,0.009661918,0.010145322,0.015912348,0.31600666,0.21263759,4.4006892e-06,1.3147199e-07,1.12586044e-07,0.09660551,0.05157813,0.28784195,0.2704986,0.2176653,0.013238735,0.014402026,0.22937459,0.026302377,0.023286272,0.3072429,0.16567919,0.011123098,0.011073538,2.8193019e-05,0.0029657308,0.002065198,3.009558e-05,0.00024942987,0.00074206543,0.0011265611,0.00018731366,0.00020551382,0.008419163,0.0039590537,0.00048453742,0.00043860739,0.0016227339,0.0039569708,0.83895147,0.00086631445,0.0049668336,0.0020692055,0.009428992,0.013079794,7.621682e-06,5.7183747e-06,0.00017220565,0.00031441133,6.2297026e-05,9.162208e-05,3.9392844e-06,2.742349e-07
48000.0,2.7695862e-07,0.006928904,0.007615561,0.020799838,0.36131024,0.21367417,4.2979154e-06,1.5933301e-07,1.0229494e-07,0.11081137,0.0726937,0.29390222,0.2769604,0.16719514,0.019467833,0.019028686,0.17867091,0.02587033,0.02338815,0.29455858,0.19867107,0.008912319,0.008257146,2.1413967e-05,0.0026558747,0.0022014086,3.1873573e-05,0.00028293958,0.00055375264,0.0011464161,0.00042682246,0.0004262526,0.0043616286,0.0025676494,0.00038331375,0.00031223934,0.0017698354,0.004635468,0.7763222,0.0013455733,0.0074471706,0.0023703624,0.019500025,0.019772975,5.929932e-06,4.459507e-06,0.00024320482,0.00030612692,7.109734e-05,0.00013363673,4.0936766e-06,2.7766686e-07
49000.0,3.8433407e-07,0.023126718,0.026219493,0.016547672,0.17332329,0.12237852,3.705348e-06,2.3558582e-07,1.7664415e-07,0.038803093,0.015912423,0.13204856,0.12687027,0.31537122,0.007520437,0.008629782,0.32784715,0.05260109,0.05988185,0.13841486,0.09041481,0.016142897,0.044454318,1.668267e-05,0.0031374167,0.0023314862,3.182303e-05,0.00025639022,0.00037469488,0.001195095,0.00068278913,0.0006874504,0.0038207017,0.0032282518,0.00034874424,0.0002642124,0.0019955102,0.0059240307,0.748042,0.0012556849,0.01124268,0.002806445,0.029793233,0.027648732,4.935064e-06,4.15486e-06,0.00025252215,0.00039084282,5.979736e-05,0.00011252697,3.338256e-06,3.4054824e-07
50000.0,4.9239185e-07,0.018524151,0.021840075,0.0065787206,0.28806913,0.12217599,4.890541e-06,1.2461854e-07,1.4311998e-07,0.05463877,0.028161865,0.0645312,0.06877123,0.0036696452,0.3792223,0.37131357,0.008455847,0.10900821,0.11672679,0.25900114,0.16443156,0.015358765,0.017233497,2.4304669e-05,0.0019998841,0.002887411,5.4575536e-05,0.0005686428,0.0008115315,0.0011442157,0.00015270092,0.00015539656,0.0073834322,0.002705626,0.00024054469,0.00020972146,0.0021852052,0.003193303,0.8529375,0.0021600183,0.0066569764,0.0035873419,0.016045896,0.019948443,7.1242753e-06,4.9372957e-06,0.00022229934,0.00025432705,5.0467206e-05,9.561713e-05,3.4463621e-06,2.0866571e-07
51000.0,2.9771837e-07,0.009341583,0.009573536,0.016842782,0.35566202,0.1814784,4.650416e-06,1.2075772e-07,8.441913e-08,0.14167446,0.106492564,0.24104917,0.2470281,0.0050848722,0.30109894,0.29380062,0.013936066,0.033510007,0.02969032,0.2718788,0.2124087,0.0075424137,0.0056404853,2.8782311e-05,0.0023418556,0.002237309,3.4581284e-05,0.00035190195,0.0004938857,0.0011579682,0.00028885363,0.0002787433,0.007672233,0.003401961,0.00033737518,0.00023323123,0.0012522809,0.0031600764,0.85009986,0.0012224303,0.0042819707,0.0018799853,0.014831796,0.02451533,8.890012e-06,6.6619086e-06,0.00028903657,0.0002803569,0.000119690994,0.00024340943,4.3541136e-06,2.44052e-07
52000.0,1.5660943e-07,0.0032851447,0.0053889956,0.014604193,0.41960943,0.1475654,1.013838e-05,7.1682216e-08,5.0956114e-08,0.40840793,0.39531907,0.28318614,0.29714012,0.043309625,0.07237046,0.09193621,0.05891754,0.04193184,0.03520853,0.49461582,0.4161304,0.002411176,0.0006100868,9.6595075e-05,0.0021469502,0.002957408,1.9859828e-05,0.0004272161,0.00044456212,0.0017432484,0.00097258796,0.0010268161,0.0030410662,0.0014404518,0.0018053872,0.0015039423,0.0024674032,0.01199145,0.257532,0.0005391018,0.0026035372,0.0016785724,0.0023140262,0.004130848,5.4955843e-05,5.8728478e-05,0.00066952116,0.0018435605,5.344325e-05,9.9618825e-05,3.3315293e-06,2.6863594e-07
53000.0,2.945497e-07,0.009641353,0.008928156,0.012059902,0.28345892,0.12345563,7.148831e-06,8.511922e-08,4.4014474e-08,0.12694235,0.10597896,0.07124617,0.07561042,0.013157362,0.1767538,0.17858428,0.022352697,0.11868635,0.12060111,0.40440404,0.3986494,0.005639985,0.0038847092,6.7677516e-05,0.000827045,0.0020532012,2.4719962e-05,0.00076296943,0.000871274,0.007169961,7.7499375e-05,6.628549e-05,0.0067769755,0.0010339692,0.00040028626,0.00027393363,0.0046604006,0.013941097,0.32302758,0.0032549873,0.0009815496,0.0010323797,0.0024615712,0.0090989005,0.0003538848,0.00046879682,0.00096165255,0.0007405491,6.97155e-05,0.00016732057,2.0517546e-06,1.6070524e-07
54000.0,3.540233e-07,0.010396926,0.009863184,0.011149387,0.3147931,0.14889464,6.414846e-06,8.629424e-08,6.1967434e-08,0.11309684,0.10126832,0.12172183,0.13328516,0.00612268,0.2883217,0.2764446,0.012285264,0.066638045,0.062111102,0.34793472,0.32329842,0.006812144,0.0044799573,3.9739047e-05,0.0009003142,0.0027771865,3.372687e-05,0.00091036136,0.0008779236,0.0041241352,0.00013797922,0.00014648438,0.003889264,0.0013395235,0.0003125211,0.00021933434,0.004639837,0.015481283,0.35365155,0.0022491033,0.0029656403,0.0020952856,0.0066137663,0.009740822,7.98143e-05,9.927772e-05,0.00038564653,0.00073403097,4.9126003e-05,9.664445e-05,1.997147e-06,2.1287951e-07
55000.0,2.647654e-07,0.017639546,0.019469684,0.0046883575,0.2444986,0.12662145,6.569412e-06,1.0026473e-07,6.5987514e-08,0.13237314,0.085627444,0.05648056,0.056475393,0.05081455,0.05607707,0.06968321,0.06395798,0.13948011,0.15889493,0.36997703,0.36918682,0.005189915,0.0053831255,3.8133865e-05,0.002502849,0.00417901,2.8865597e-05,0.0009948765,0.00049436075,0.0032841223,0.00016079815,0.00014270104,0.004416365,0.0013224983,0.00061541965,0.0004108321,0.0032579405,0.012216574,0.46997818,0.0019445135,0.0049201716,0.0042547244,0.0042381007,0.0054447674,2.451106e-05,2.5680927e-05,0.00046716369,0.00042420332,1.7678534e-05,3.642337e-05,1.5815641e-06,1.928584e-07
56000.0,4.783671e-07,0.03192551,0.023518676,0.006978739,0.2232379,0.114193134,6.027204e-06,1.350829e-07,1.907803e-07,0.035173155,0.013283797,0.06310667,0.06988363,0.0029121202,0.4275849,0.42703542,0.0065045683,0.11563001,0.12061854,0.25597912,0.12233844,0.02461892,0.033263993,3.730901e-05,0.0020331715,0.0032916663,5.3808893e-05,0.00056686194,0.0010079343,0.0008858286,0.00015780481,0.00019223703,0.010070991,0.0011612235,0.00040576217,0.0005013788,0.0018590417,0.0022343379,0.8804869,0.0042229225,0.0054474403,0.0034465722,0.008198423,0.0126238335,7.4941727e-06,4.9043515e-06,0.000186709,0.00041351965,4.4962417e-05,6.8155416e-05,4.0880705e-06,2.6798472e-07
57000.0,2.4370033e-07,0.0125783505,0.012097011,0.010289942,0.28508782,0.17238636,4.142658e-06,1.0944773e-07,7.887782e-08,0.123787984,0.08133907,0.28215918,0.26890007,0.12569731,0.024112279,0.02988937,0.13730401,0.028102256,0.024644302,0.34068727,0.24618387,0.008201242,0.007198196,2.1889417e-05,0.002270699,0.003982401,6.308905e-05,0.0008420268,0.00082294014,0.0015188365,5.3619315e-05,5.7744972e-05,0.011165436,0.0038881756,0.00032076673,0.00024923874,0.0014708498,0.0036761262,0.89342636,0.0014292017,0.005802271,0.004309862,0.007537336,0.009474215,5.321443e-06,4.4630256e-06,0.00011169909,0.00017849752,3.100171e-05,5.2155337e-05,2.108812e-06,1.7201936e-07
58000.0,2.8917535e-07,0.004600174,0.00409314,0.02416235,0.3653587,0.20166145,6.41495e-06,1.18947234e-07,3.875864e-08,0.51126224,0.5574678,0.6458781,0.64627194,0.024577523,0.12794496,0.13150398,0.033191025,0.008909506,0.0050774547,0.44094095,0.45725617,0.0015922276,0.00018967764,3.6491037e-05,0.0019162784,0.0024780584,3.6658454e-05,0.00046723807,0.0003818632,0.0037122755,0.00038682806,0.00028149382,0.006684357,0.0016857858,0.00045935472,0.000360024,0.0016133377,0.006966355,0.6701249,0.002075341,0.0028967948,0.0016437202,0.013374903,0.03462493,3.3049993e-05,2.9813804e-05,0.00064380805,0.0004204976,0.000192814,0.0006566497,4.1513667e-06,1.6750143e-07
59000.0,3.5365312e-07,0.0023301337,0.002155052,0.029881766,0.4875993,0.29359093,9.37619e-06,1.135168e-07,4.4190532e-08,0.56532013,0.57311344,0.6875491,0.6842975,0.042114656,0.087999165,0.089532204,0.045979016,0.0077792923,0.0040830537,0.5902668,0.512733,0.0014236221,0.00015745775,3.7625396e-05,0.003623639,0.004163272,3.6599384e-05,0.0010221852,0.0018435288,0.0033732397,6.126929e-05,4.703103e-05,0.009787744,0.004195674,0.00033410048,0.0004958185,0.003024174,0.003854847,0.78857726,0.0013096052,0.004599187,0.0030151946,0.016025431,0.030175678,3.8899754e-05,1.9602981e-05,0.00029886348,0.00013045734,0.00020446733,0.00044637857,2.997064e-06,1.2525146e-07
60000.0,3.100576e-07,0.008038452,0.005689599,0.022707082,0.30382106,0.2835263,5.1903558e-06,1.4351389e-07,1.14265916e-07,0.12129784,0.057272088,0.22205785,0.21797737,0.07880364,0.036184855,0.047009937,0.08730186,0.035489507,0.03451826,0.376855,0.21544693,0.0073379865,0.00955304,2.6345908e-05,0.0015601857,0.0025740445,6.318478e-05,0.00045801,0.0012439331,0.001785263,7.180403e-05,6.8099034e-05,0.0071504596,0.002492717,0.00031661044,0.00037415142,0.0030980576,0.0031204147,0.82980967,0.002275965,0.0046598255,0.0030399489,0.009090143,0.016193656,1.240267e-05,6.9723433e-06,0.00019053991,0.00015980874,4.160678e-05,7.14539e-05,3.350155e-06,2.1356844e-07
61000.0,5.548033e-07,0.044297904,0.031603582,0.0038818468,0.12329095,0.10902073,3.956728e-06,1.2351617e-07,1.3891098e-07,0.030532312,0.009826669,0.07852435,0.080117844,0.09116423,0.029724373,0.037405152,0.10484668,0.09058096,0.099364124,0.23398812,0.10861255,0.021505304,0.042296346,1.2747914e-05,0.0021863116,0.002648093,3.9748902e-05,0.0006973546,0.0018291223,0.0027528561,5.1768297e-05,4.69266e-05,0.0078052613,0.006149398,0.000114042545,0.00012234785,0.0026075258,0.0029506749,0.8981376,0.0014629568,0.008751049,0.002889724,0.030212268,0.028230252,1.0695704e-05,6.734673e-06,0.00015524004,0.000110264074,5.895124e-05,0.00011164755,1.4984963e-06,1.2735329e-07
62000.0,2.9955214e-07,0.017542284,0.019482318,0.008329825,0.29436624,0.19150415,4.637617e-06,1.2612095e-07,2.210542e-07,0.021974748,0.004443445,0.06365004,0.055535693,0.101377785,0.025377894,0.03155916,0.11967554,0.11315055,0.13360606,0.1414614,0.09152674,0.027146947,0.11135335,2.5168667e-05,0.002394828,0.0028631673,6.478888e-05,0.0003637544,0.0019451142,0.0019702204,2.2201784e-05,2.2516913e-05,0.017181702,0.004842206,0.0004708641,0.0005441635,0.0020795611,0.0019453097,0.9375189,0.0020484058,0.0047394834,0.0045955954,0.0051241815,0.011634688,7.0577266e-06,3.929199e-06,9.88712e-05,0.00010333994,3.6786834e-05,5.489027e-05,2.9746964e-06,1.6326369e-07
63000.0,2.3834737e-07,0.0035000942,0.0034692804,0.027112372,0.4538701,0.28905988,4.4005756e-06,1.8277062e-07,8.369638e-08,0.13003734,0.06801255,0.31113178,0.29591367,0.099540345,0.033921666,0.030270288,0.11070848,0.023624728,0.02347093,0.3163019,0.22224993,0.007083726,0.008503388,2.1738244e-05,0.002815286,0.002323914,2.9952704e-05,0.00040569482,0.0005194044,0.0028459125,0.00025607404,0.00016607775,0.0068845465,0.003248282,0.00029085658,0.00020287321,0.001614414,0.0045749475,0.8359841,0.0013460661,0.006580595,0.0017894069,0.020529095,0.026068587,1.2304956e-05,8.589915e-06,0.0005189014,0.00012976477,7.448027e-05,0.00017906843,2.615518e-06,1.6935567e-07
64000.0,4.4074204e-07,0.010577194,0.008251545,0.017677685,0.26866946,0.16759568,3.8601243e-06,1.4694328e-07,1.0156394e-07,0.06486428,0.03099042,0.1536509,0.15211692,0.018346276,0.13372761,0.13381876,0.02893738,0.050033815,0.05322754,0.25880647,0.20417403,0.011271281,0.016869143,1.822789e-05,0.001696115,0.0020332548,3.1861506e-05,0.00045962303,0.001093732,0.0024887733,0.00012908244,0.0001220996,0.0051832134,0.005692451,0.00015294399,0.00014128293,0.0027578766,0.005226122,0.7777968,0.0009733667,0.0070379563,0.0021149628,0.034226786,0.036672194,1.50730275e-05,1.0807073e-05,0.00023301985,0.00021141415,9.356041e-05,0.00020657902,2.2960398e-06,1.6499423e-07
65000.0,2.111278e-07,0.005638667,0.0048748446,0.024145583,0.36536634,0.20452046,4.996309e-06,1.259535e-07,5.228124e-08,0.12818018,0.089085266,0.18274012,0.19510987,0.009614376,0.23068184,0.22977383,0.013966679,0.043780435,0.041566305,0.33425376,0.29810643,0.006923154,0.0063511487,3.338345e-05,0.0016600033,0.0019612722,3.029883e-05,0.00033156425,0.00040889106,0.0032909734,0.00020760224,0.00014684546,0.0068543484,0.0031303356,0.0004277911,0.00026716167,0.0017322213,0.0062321923,0.73854136,0.0011485689,0.002878403,0.0017444412,0.008904336,0.020574262,2.056729e-05,1.6570255e-05,0.00065666565,0.00021253791,9.268352e-05,0.00022789053,3.377925e-06,1.5342296e-07
66000.0,3.1667147e-07,0.009266986,0.006020159,0.012355294,0.3139775,0.24774098,4.19733e-06,1.2881638e-07,7.1936974e-08,0.119234264,0.06917535,0.1896457,0.18912107,0.13720699,0.024227558,0.0230803,0.14700198,0.040281337,0.03948446,0.31549284,0.23853658,0.007041232,0.0077085556,2.0448459e-05,0.0016363756,0.0020124118,3.8354658e-05,0.00041091497,0.000961251,0.0018279788,0.0001258777,0.000111935056,0.0071004513,0.003553326,0.00022061015,0.00017909301,0.0024115364,0.004081265,0.79746777,0.0013361414,0.0042671342,0.0020021114,0.015367881,0.022350574,1.6714872e-05,1.1841931e-05,0.0003101554,0.00019647581,9.0875954e-05,0.00016506262,2.6997398e-06,1.6685348e-07
67000.0,1.9423332e-07,0.0007469848,0.0007508904,0.03679987,0.7063364,0.42620203,7.2489806e-06,1.3244099e-07,4.8927337e-08,0.4069813,0.3522722,0.60548854,0.60331655,0.030583082,0.11162131,0.115041584,0.036267042,0.010228573,0.00794308,0.51184165,0.4347464,0.0019593642,0.00080727745,3.9916755e-05,0.0033882807,0.0037427987,4.0812964e-05,0.00087551394,0.0012618438,0.0048921867,6.362124e-05,4.292943e-05,0.008466725,0.0040836786,0.00036324296,0.00037625228,0.0020419008,0.0042522443,0.800204,0.0014833524,0.0048511284,0.003712812,0.013309052,0.019171996,2.1405065e-05,1.2412752e-05,0.00026784214,0.00010243614,0.00010118107,0.00023799899,2.6076352e-06,1.09994986e-07
68000.0,2.604623e-07,0.0009969382,0.0011281956,0.034781918,0.66179943,0.40158024,8.241752e-06,1.7860063e-07,6.666433e-08,0.4686953,0.38378024,0.6438782,0.6490861,0.030750917,0.1035863,0.11209685,0.041610572,0.0079685105,0.006440858,0.5527959,0.45755017,0.0015923626,0.0006925572,3.5528225e-05,0.0047221193,0.0045346743,3.377341e-05,0.0010872296,0.0015937581,0.0024243412,0.00010905798,7.796511e-05,0.0074718874,0.0048592254,0.00029923156,0.0003821828,0.0027494323,0.0030018187,0.8225724,0.0012050868,0.0070833676,0.0038381042,0.019082088,0.024935199,1.9846766e-05,8.28418e-06,0.00036132045,0.00010267965,0.000106556115,0.00020917428,2.750686e-06,1.5948322e-07
69000.0,5.9264437e-07,0.028815445,0.03122762,0.0031130621,0.24049789,0.12795368,5.1133293e-06,1.7786057e-07,1.8219528e-07,0.019939711,0.0053986753,0.052663103,0.052817337,0.0791677,0.030362211,0.041579317,0.0962752,0.13126218,0.14869025,0.23208085,0.09329949,0.0318736,0.063187025,1.4013998e-05,0.002457867,0.0045629637,6.560895e-05,0.0008880829,0.0010008247,0.0017339356,9.50302e-05,9.601175e-05,0.010756102,0.0027523718,0.00024533438,0.00024808935,0.0017922915,0.0033202765,0.9206154,0.0025331841,0.014948924,0.0062945653,0.023100734,0.020758985,3.405191e-06,2.3159355e-06,0.000112573674,0.00013666967,3.2884058e-05,6.502154e-05,1.7048447e-06,1.7653991e-07
70000.0,3.3906792e-07,0.0059747254,0.004874902,0.009622876,0.4075574,0.21332039,6.9477437e-06,1.4587486e-07,6.509186e-08,0.35653213,0.26261073,0.26151356,0.27115417,0.018554851,0.12975535,0.14972167,0.034107476,0.03632891,0.0358953,0.574574,0.45946223,0.0022660326,0.0014631615,3.2423817e-05,0.0028125502,0.0054638195,4.7583537e-05,0.0014172327,0.0011526528,0.0014702905,0.00014665055,0.00013492121,0.009540658,0.0026077405,0.00029712703,0.00034480295,0.0021702775,0.0023925665,0.86421806,0.0015130558,0.006222885,0.0039048106,0.009803298,0.013282365,1.171611e-05,5.8492433e-06,0.000326223,0.000174762,3.8908995e-05,6.722148e-05,2.052232e-06,1.8480289e-07
71000.0,4.2755352e-07,0.00783245,0.0064848,0.010964189,0.39731565,0.21147572,5.634012e-06,1.676379e-07,7.3730746e-08,0.14007753,0.091856524,0.13473286,0.1478503,0.015217149,0.1379918,0.14993408,0.029228218,0.060954534,0.057020515,0.43817863,0.29202524,0.006300065,0.0050630486,2.3670498e-05,0.0021153293,0.0031701368,3.817811e-05,0.00079777295,0.0007366722,0.0020156712,0.00022126928,0.00017496692,0.009579796,0.0025330791,0.00022194015,0.00019339545,0.0020374814,0.0038853232,0.8537756,0.0016916381,0.006476587,0.0025098445,0.01973115,0.022951543,1.2703884e-05,8.385524e-06,0.00041705347,0.00017812401,5.4393477e-05,0.00012433795,2.3397645e-06,1.8666219e-07
72000.0,2.9493788e-07,0.0018103402,0.0021027285,0.025448304,0.5486103,0.30155876,8.590144e-06,1.3076985e-07,5.6212425e-08,0.50991,0.48935902,0.6442336,0.6439548,0.033008814,0.10259147,0.1061907,0.039329827,0.008623389,0.0059793093,0.5686638,0.4865933,0.0014405622,0.00031842824,3.9228624e-05,0.003479173,0.0032875892,2.791351e-05,0.00081629195,0.0013264068,0.0027788682,0.00014465161,0.00011137789,0.007323104,0.0029720836,0.0003405618,0.0004185524,0.0031255882,0.0041682078,0.75054497,0.0015462813,0.0042779585,0.002247104,0.01339658,0.02422646,4.4452976e-05,2.3398416e-05,0.00047425833,0.00021536216,0.0001284092,0.0002719645,3.3441795e-06,1.6576547e-07
73000.0,2.2577382e-07,0.00104084,0.0013548234,0.029031657,0.6480403,0.34907585,7.465604e-06,1.2317257e-07,5.5746476e-08,0.47107416,0.45687973,0.6523069,0.6499591,0.023895463,0.14423347,0.14514282,0.026195694,0.00835622,0.0059770145,0.5022499,0.44332135,0.0015237017,0.0004263861,3.487381e-05,0.0041452474,0.00434417,3.200317e-05,0.0010739077,0.001011355,0.0050270567,0.000116880765,7.906421e-05,0.005469449,0.0030990357,0.00033119306,0.00031642005,0.002721015,0.0060995542,0.6835369,0.0016145034,0.0065092943,0.0045265043,0.016800372,0.017619485,2.4595545e-05,1.4787104e-05,0.0003647865,0.00014225462,7.128953e-05,0.00018339175,2.499904e-06,1.2696232e-07
74000.0,2.8619695e-07,0.0016822313,0.0013027053,0.038542226,0.5574098,0.37057152,9.522243e-06,1.350404e-07,6.756036e-08,0.53561866,0.523753,0.6619851,0.6674372,0.07276711,0.05457782,0.05080834,0.07557062,0.008404533,0.0054977573,0.5547292,0.45956895,0.0013638065,0.00029451374,4.9519316e-05,0.0036035262,0.0037445098,3.603511e-05,0.0006580471,0.0013893885,0.0013146051,0.00019114185,0.00017501347,0.0060420875,0.0028021073,0.00053438137,0.00081395323,0.003362796,0.003277693,0.69447863,0.0013232575,0.0038316667,0.0032250863,0.009776949,0.020362467,2.9560197e-05,1.3769643e-05,0.0003635,0.0003038722,0.00012252868,0.0002002228,5.1741363e-06,2.3045943e-07
75000.0,3.154441e-07,0.0011784834,0.0019514675,0.022865769,0.6392293,0.37164083,1.1039722e-05,1.6944549e-07,7.768871e-08,0.5876632,0.5800973,0.7447221,0.749339,0.02761774,0.14353915,0.14614813,0.024405647,0.005011987,0.0032506168,0.5740714,0.62927413,0.0011321213,0.00020027685,4.2685962e-05,0.004998555,0.0048685446,3.2749955e-05,0.0011996941,0.0022004526,0.0029671085,9.983431e-05,7.2828014e-05,0.0072444463,0.0047971318,0.000417797,0.0007395554,0.004038093,0.0033414362,0.8299106,0.0013566745,0.006670897,0.0034941752,0.01560494,0.022240922,3.223836e-05,1.21325465e-05,0.00040060445,0.00013047099,0.00011310995,0.00022741646,3.7311415e-06,1.6405845e-07
76000.0,3.4546701e-07,0.0007643393,0.0014752488,0.036430795,0.68888444,0.41106835,1.471988e-05,2.3366621e-07,8.853971e-08,0.5932473,0.62554604,0.755941,0.75687194,0.038017053,0.100060284,0.09556969,0.04131183,0.0054367944,0.0032197621,0.57179624,0.56823844,0.0012534903,0.00018333127,5.3159012e-05,0.005004058,0.0050363573,2.9803457e-05,0.00084959005,0.0015577363,0.0012844948,0.00047058528,0.0003549272,0.0058900747,0.0034095726,0.000610029,0.0011566728,0.004939689,0.003055087,0.7461088,0.0010646948,0.00705614,0.0026519266,0.018140879,0.027047008,3.4983303e-05,1.0924018e-05,0.0008669254,0.00023431558,0.00018650331,0.00030490675,5.5638507e-06,2.7703945e-07
77000.0,3.9121537e-07,0.0013336062,0.0016500729,0.022191484,0.65670073,0.40923688,1.1376545e-05,2.5556216e-07,7.711575e-08,0.61337256,0.5954816,0.7483494,0.7467499,0.047878273,0.08133128,0.08000612,0.05352591,0.0052720476,0.0033556565,0.62563854,0.59187067,0.0010611705,0.0002104217,3.2593987e-05,0.006028489,0.0064569185,3.800665e-05,0.0015206771,0.0013161303,0.0025284835,0.00024039681,0.0001662438,0.0064996714,0.0033500735,0.00039890935,0.0005601227,0.003123174,0.0036725686,0.8380534,0.0016559211,0.013470557,0.004316069,0.032241493,0.02920773,1.4542119e-05,5.9958393e-06,0.00041974548,0.00012247692,0.00010756126,0.00023911669,3.0538442e-06,2.014907e-07
78000.0,3.3321382e-07,0.0009304867,0.0013720008,0.029428344,0.68621194,0.3994222,1.0250455e-05,1.9753813e-07,6.90983e-08,0.5723648,0.5541823,0.71074677,0.7144819,0.028397443,0.12454577,0.12356746,0.033704832,0.0064087235,0.0045307865,0.60001063,0.6012317,0.0012179625,0.0002531576,4.054135e-05,0.004133358,0.0059496444,4.399611e-05,0.0015083562,0.0013599849,0.0028361445,0.00014222992,0.00011459566,0.0070614032,0.004218459,0.0004325754,0.00060450105,0.002623676,0.004196429,0.82155615,0.0012598028,0.008895622,0.004144844,0.019609097,0.021849867,1.7953515e-05,8.786827e-06,0.00024630682,0.00016838923,8.897771e-05,0.00019719686,2.953149e-06,1.8579887e-07
79000.0,4.1186183e-07,0.0017451014,0.0022676317,0.019804144,0.60259175,0.35689187,8.904471e-06,2.3868083e-07,6.4600584e-08,0.63465154,0.61753625,0.7212987,0.7188126,0.04555464,0.08489493,0.082749724,0.052646235,0.0062644384,0.00397772,0.6329404,0.60970205,0.0010718037,0.00018199018,2.9153114e-05,0.0048755035,0.006465937,5.7214107e-05,0.0015091628,0.0010111622,0.002691786,0.00020102794,0.00015107635,0.008496355,0.0057664434,0.00037017514,0.00044557764,0.0019214071,0.0039160587,0.9002925,0.0010799719,0.014481557,0.005686082,0.032855187,0.028808119,6.477273e-06,3.228977e-06,0.00022300244,0.00011768645,6.680585e-05,0.0001644948,2.908075e-06,1.8041455e-07
80000.0,4.5736263e-07,0.0024730877,0.0028570802,0.014198465,0.52536964,0.30883065,8.657756e-06,1.7625192e-07,5.679775e-08,0.58409023,0.62330484,0.73712885,0.7255113,0.02705136,0.13808388,0.13586593,0.030262053,0.006411147,0.0031926455,0.6333969,0.577061,0.0013380877,0.00014696033,2.5510815e-05,0.003328264,0.0058145435,6.169047e-05,0.0016076963,0.00095484365,0.0040863487,0.00017677041,0.00014810458,0.0055982056,0.0037155678,0.00027436807,0.00030467485,0.0021401055,0.006627879,0.7953609,0.0015028621,0.013952226,0.0052095484,0.041944306,0.029638883,1.0755501e-05,7.5308335e-06,0.0001740602,0.00019156371,7.397734e-05,0.00022473691,2.4834274e-06,1.635952e-07
81000.0,4.711843e-07,0.0022679197,0.0021985448,0.0107272975,0.579715,0.35248634,8.565864e-06,2.4182228e-07,6.180218e-08,0.6048169,0.60977364,0.7190485,0.71242464,0.050749186,0.07355049,0.079286374,0.059733503,0.006754599,0.0037750315,0.6231744,0.50777423,0.0011911312,0.00018639718,2.4244504e-05,0.0038216512,0.0059207827,6.32289e-05,0.0014470622,0.0007569012,0.0025817845,0.0004853945,0.00038205367,0.005371175,0.0035314434,0.00029288465,0.00027150466,0.0022873257,0.006288898,0.77031386,0.0012139943,0.018116761,0.006492784,0.054339018,0.03509192,7.5629478e-06,4.587449e-06,0.00030023858,0.0001986051,7.008859e-05,0.00017844647,2.6784369e-06,2.0803783e-07
82000.0,4.1000268e-07,0.0020960963,0.0022442576,0.014327634,0.5631056,0.35427976,7.917279e-06,2.0067684e-07,5.5567178e-08,0.64580345,0.64268017,0.75022954,0.74216557,0.049177792,0.09756993,0.085678,0.042531,0.005663495,0.0030862717,0.64648193,0.62065023,0.0010594523,0.00014098051,2.3529723e-05,0.004736275,0.006237126,5.8123296e-05,0.0017659965,0.0010349571,0.0045692055,0.0001360527,9.847694e-05,0.007260534,0.004509517,0.00027308724,0.00028518197,0.0018888948,0.0055039157,0.86874074,0.0015425092,0.015721451,0.0061490485,0.04452506,0.027532645,7.635978e-06,4.701081e-06,0.00020298523,0.000107841115,7.02926e-05,0.0001971352,2.2905613e-06,1.2683549e-07
83000.0,4.2584645e-07,0.0033346382,0.0037393193,0.010477003,0.46659645,0.27306604,8.805055e-06,1.7667044e-07,6.649454e-08,0.6512826,0.5796522,0.73035026,0.7320581,0.052887242,0.07613561,0.07556427,0.059022073,0.005426197,0.0036745898,0.65131366,0.5632905,0.00092958467,0.00018077264,3.066366e-05,0.0051022726,0.005469789,3.2971067e-05,0.0017129947,0.0016889208,0.0035711096,0.000109925924,8.334825e-05,0.00830485,0.0048517687,0.00023371406,0.00031024002,0.0029690855,0.003995287,0.8203984,0.0013621632,0.008530079,0.0039945296,0.025459096,0.029021317,2.5583147e-05,1.2774811e-05,0.00035441844,0.00013878825,0.00011148468,0.00024409828,2.3288387e-06,1.6133376e-07
84000.0,2.9574906e-07,0.001650165,0.0012531437,0.014430958,0.58520097,0.42092395,7.4035943e-06,1.7723814e-07,6.4349834e-08,0.4906881,0.44439736,0.62517893,0.62818766,0.033925153,0.105743535,0.10715832,0.040660772,0.01008324,0.006840657,0.62130356,0.4391128,0.0015039905,0.00053990626,3.1207866e-05,0.0034966182,0.005281146,6.326183e-05,0.0012651917,0.001305086,0.0033383474,0.00012286141,9.658512e-05,0.0068790778,0.0040733325,0.00030891952,0.00034554908,0.0022453566,0.004289491,0.83485955,0.0013199947,0.01191509,0.0060470435,0.028395614,0.020226685,8.484742e-06,4.5331562e-06,0.00017122817,0.000116815485,4.8226015e-05,9.7187956e-05,2.322385e-06,1.4129469e-07
85000.0,4.2835345e-07,0.0050138757,0.0050014304,0.012459612,0.42497712,0.25278375,7.4866366e-06,1.6355465e-07,6.3765334e-08,0.551949,0.6019424,0.68519473,0.683577,0.027689045,0.11330131,0.12368347,0.04063699,0.007636054,0.003805951,0.58598554,0.5295557,0.0014461308,0.0001839122,2.109566e-05,0.0043289466,0.0060290806,7.1508155e-05,0.0013697062,0.0011202332,0.0025095888,0.000109495006,9.6940545e-05,0.007909772,0.0030454611,0.00027088824,0.00030449659,0.0016785518,0.0033744567,0.90645784,0.0026184567,0.014227013,0.008258646,0.03106481,0.028429348,4.04451e-06,2.2946454e-06,0.00011861457,0.00010953981,4.7529295e-05,0.00012661841,3.0362844e-06,1.7423939e-07
86000.0,4.4224683e-07,0.003548292,0.0038801262,0.0135882385,0.44715667,0.30281836,9.831333e-06,1.417575e-07,6.928596e-08,0.6450562,0.64091647,0.7687286,0.7609902,0.04620348,0.09149362,0.086694665,0.049941868,0.0051228986,0.0025790134,0.71723044,0.63003093,0.0010586971,0.00013315375,3.0297386e-05,0.0060449457,0.0074747233,5.448308e-05,0.002214837,0.0027135373,0.0056918547,2.7758852e-05,2.4120895e-05,0.008445369,0.0067369184,0.00029126843,0.0004014386,0.0025920495,0.004389243,0.87310296,0.0014370956,0.012711975,0.007320023,0.022171121,0.018203033,1.2118948e-05,7.0176643e-06,9.10925e-05,9.474283e-05,6.0342412e-05,0.00013304195,2.1581131e-06,1.3680457e-07
87000.0,4.2926703e-07,0.0025242814,0.003016927,0.01392186,0.53354806,0.34342918,8.808339e-06,1.9820766e-07,5.1375654e-08,0.61073315,0.63348997,0.73556566,0.72803056,0.029324865,0.123417094,0.12161278,0.036918204,0.006134013,0.0032608518,0.6632484,0.616456,0.001234421,0.00014831602,2.5830752e-05,0.004004076,0.006143238,7.229439e-05,0.001589565,0.0008174151,0.004676571,0.00011464572,8.060588e-05,0.009569394,0.0056823227,0.00029984812,0.0003106046,0.0014756225,0.004515866,0.91031426,0.0014076064,0.012175447,0.005533283,0.033119444,0.031304486,6.931226e-06,4.3494824e-06,0.00018055645,0.000101855796,6.7230714e-05,0.00020939019,2.5314475e-06,1.4285025e-07
88000.0,4.081971e-07,0.0023416148,0.002629841,0.016044172,0.53505063,0.3283083,9.479242e-06,1.7601474e-07,6.9862544e-08,0.5930934,0.5813948,0.6654059,0.6736491,0.019390853,0.16852455,0.1734729,0.023604134,0.00811607,0.0051168697,0.62624824,0.60179925,0.0012290921,0.0002063422,3.3669185e-05,0.005373652,0.0055992673,3.9192873e-05,0.00141751,0.0013932766,0.0020244573,0.00014221744,0.000109563945,0.009128811,0.0051562223,0.0003016833,0.00048212655,0.0026625392,0.0025852863,0.8943137,0.0012091363,0.008291642,0.0042005265,0.021574024,0.026062049,1.3691915e-05,5.3681333e-06,0.0003142198,0.00012131968,7.691525e-05,0.00017157105,3.290983e-06,1.6827876e-07
89000.0,3.2904262e-07,0.002055658,0.0023457108,0.015548378,0.564389,0.33403862,9.545665e-06,2.1952019e-07,5.1861328e-08,0.6072966,0.604354,0.73395073,0.72982574,0.049146194,0.083036296,0.075132824,0.055542823,0.00610141,0.0036418391,0.6057792,0.5613922,0.001065695,0.000191464,3.343749e-05,0.0060348436,0.0065054623,3.2905766e-05,0.0016846635,0.00087386835,0.0040402934,0.00021502546,0.00012713671,0.009379932,0.005569669,0.00034146622,0.0003637596,0.0018450103,0.0034032143,0.87678695,0.0010347477,0.009580814,0.0037753957,0.02455646,0.028202463,1.564428e-05,7.497933e-06,0.0005831061,0.00010053008,0.0001009388,0.00025465072,2.3963792e-06,1.443311e-07
90000.0,3.9923967e-07,0.0034122893,0.004089122,0.0066748313,0.4964391,0.26879758,9.925198e-06,2.379018e-07,6.876802e-08,0.67070603,0.6218325,0.73390615,0.7351588,0.046898343,0.09985028,0.09026749,0.039739646,0.0059271883,0.0036932286,0.70574874,0.59820926,0.0009307931,0.00017434174,3.1754247e-05,0.006846206,0.008716022,4.293852e-05,0.0026459957,0.001255142,0.003029821,0.00018809777,0.0001207652,0.011911255,0.005213217,0.00031038024,0.00037984832,0.0022085109,0.0029179594,0.9027658,0.0011837622,0.012194387,0.005678819,0.022750808,0.022807684,1.2460073e-05,5.34435e-06,0.0005644321,8.877692e-05,7.0717055e-05,0.00015994412,2.262401e-06,1.5186794e-07
91000.0,5.627099e-07,0.0036444752,0.0034278997,0.00816121,0.49726775,0.31438965,1.1247052e-05,2.1370067e-07,8.1241474e-08,0.6174336,0.59999883,0.659807,0.66520166,0.040390268,0.096617736,0.088779576,0.04164835,0.008171028,0.0054518417,0.6559487,0.6300179,0.0010078037,0.00018184863,2.6930957e-05,0.007566847,0.010147822,4.1143565e-05,0.0028429246,0.001328483,0.0016566284,0.00035670667,0.00026768103,0.0049859784,0.0055385283,0.00029701943,0.00044626367,0.0041301344,0.0039605866,0.8155888,0.0007244356,0.021104727,0.009864381,0.035493407,0.021150772,8.342522e-06,3.0855047e-06,0.00043839964,0.00012334423,4.247303e-05,8.187849e-05,2.1594678e-06,2.0294286e-07
92000.0,4.1767515e-07,0.0026748234,0.0028812673,0.007610972,0.5355633,0.3464997,1.0179518e-05,2.1763621e-07,5.9064817e-08,0.59987617,0.61985433,0.7135007,0.70624393,0.052859206,0.07357461,0.07155262,0.0600165,0.007477689,0.0040899464,0.6478387,0.6027773,0.0012840923,0.00018246278,3.165206e-05,0.0036782715,0.008884437,8.0762984e-05,0.0023217725,0.0007447966,0.0020728628,0.000290261,0.00024445556,0.0076998803,0.0036913394,0.00038936717,0.0004334195,0.0017627791,0.0039921002,0.83704954,0.0011812246,0.012283587,0.00853085,0.019805055,0.019943554,7.0560104e-06,4.06447e-06,0.00025866088,0.00019365933,4.8586346e-05,0.000112242335,2.4962258e-06,2.1216607e-07
93000.0,4.7227752e-07,0.0038520999,0.0036794073,0.0073596854,0.45878705,0.29682937,1.1388692e-05,2.4530505e-07,7.256995e-08,0.6328686,0.6183771,0.7088299,0.7109175,0.06840236,0.061171535,0.052483253,0.07842027,0.007141781,0.004244212,0.690439,0.5917604,0.0010593565,0.0001944114,2.9613298e-05,0.009194128,0.012948082,5.3947253e-05,0.0039845915,0.0009905056,0.0019335544,0.00024780564,0.00016456554,0.008893978,0.0065292977,0.00029765724,0.00038799623,0.002285968,0.002734494,0.8967922,0.00080613967,0.019111527,0.01236798,0.025039,0.018150061,5.490374e-06,2.1171104e-06,0.00043316878,7.545508e-05,3.6259207e-05,7.0514754e-05,1.928773e-06,1.8389167e-07
94000.0,5.3914897e-07,0.0043822196,0.0047423434,0.008249289,0.43156654,0.27780297,1.0681749e-05,2.4563863e-07,6.221056e-08,0.6487721,0.64282084,0.7596092,0.7485206,0.053452116,0.07781342,0.07006933,0.06079747,0.0055677467,0.0028835973,0.6678933,0.61510694,0.001035015,0.0001326443,3.165725e-05,0.0043089106,0.0061486876,3.8854007e-05,0.0019378831,0.0011272614,0.0038694716,0.00024766818,0.00018005357,0.0077875364,0.0030742446,0.0002717952,0.00037080346,0.002420841,0.0041295555,0.8386268,0.0018439045,0.011227673,0.0033375449,0.03535299,0.035968464,2.1072676e-05,1.1330108e-05,0.00045787555,0.0001838794,0.00013117031,0.0003361012,2.4654082e-06,1.8727914e-07
95000.0,5.167964e-07,0.0025772634,0.0030625213,0.008090817,0.5405092,0.34898221,1.0021805e-05,2.3056782e-07,8.418951e-08,0.63525313,0.63520414,0.73343086,0.7269132,0.0763374,0.05261776,0.053205967,0.084487446,0.006247212,0.0036103055,0.6498804,0.60217416,0.0010739205,0.00016333851,2.5132304e-05,0.0054349587,0.01009751,6.458087e-05,0.0030519364,0.0014201493,0.0025222222,0.00018052373,0.00015883496,0.0059154304,0.0035411927,0.00028148526,0.00036478214,0.002734338,0.004518572,0.8255569,0.0016635734,0.022044042,0.011142478,0.037057567,0.021736858,6.858803e-06,3.479413e-06,0.00018353082,0.00014315064,4.4566947e-05,9.714987e-05,2.107252e-06,2.0722085e-07
96000.0,4.084767e-07,0.0033566933,0.00297231,0.0063392757,0.53475636,0.38183975,1.0043245e-05,1.9416962e-07,7.299195e-08,0.62801504,0.6085105,0.6953816,0.69819754,0.05999201,0.0622793,0.07076113,0.0691489,0.007333306,0.0043249517,0.65870374,0.576241,0.0011420137,0.00019253018,2.8808616e-05,0.005555636,0.008027415,7.0411006e-05,0.0020258084,0.0015296635,0.0025118052,9.203848e-05,7.129694e-05,0.010187131,0.0034357063,0.00033326348,0.00048908073,0.0021852572,0.0026313383,0.9088556,0.0022389852,0.012688692,0.0091557,0.021554714,0.022222502,6.5289832e-06,2.8489246e-06,0.0001893724,8.323634e-05,4.796578e-05,0.000107515836,2.6569494e-06,1.6428328e-07
97000.0,4.0113875e-07,0.0032397984,0.0023163136,0.0100297695,0.49953586,0.37364155,1.1265e-05,2.588347e-07,6.270985e-08,0.5836434,0.5720595,0.6682247,0.67037356,0.0626232,0.063287355,0.056210842,0.07088843,0.00885753,0.0056289867,0.6474433,0.5504695,0.0011209763,0.00025760382,3.7154135e-05,0.004809746,0.00958261,5.176731e-05,0.002077924,0.0005154706,0.0021385306,0.00072100153,0.0005283577,0.0049594776,0.0043743216,0.0005079993,0.0005358132,0.0018614464,0.0044501433,0.7831322,0.0006550109,0.014156287,0.0062957946,0.022088423,0.019062761,8.837418e-06,4.9560467e-06,0.0004543874,0.00023992236,4.7159883e-05,9.763662e-05,2.3795224e-06,2.4682353e-07
98000.0,3.8046844e-07,0.0032768366,0.0036707788,0.011763432,0.5355252,0.3005686,9.062826e-06,2.3196789e-07,6.701849e-08,0.6091875,0.59693676,0.68947977,0.6905123,0.037083894,0.10099282,0.09735887,0.04295755,0.007173757,0.004640789,0.6391121,0.6059912,0.0010832312,0.00021611647,2.933117e-05,0.0046387166,0.007497442,6.4546526e-05,0.0015602859,0.00095216726,0.0025586248,0.00018364092,0.0001319652,0.009759513,0.0038095252,0.0003768153,0.00050304586,0.0015936428,0.002324885,0.93117553,0.0017389394,0.010805398,0.0056973593,0.021662986,0.025430245,6.179798e-06,2.7777542e-06,0.0002679103,0.00010691275,5.4792e-05,0.00013611717,3.1979362e-06,1.8195531e-07
99000.0,5.105642e-07,0.0091298465,0.0060380166,0.0059813336,0.40848678,0.304964,4.650833e-06,2.460921e-07,1.4910977e-07,0.07320648,0.029399607,0.07782821,0.07097219,0.07825537,0.03381956,0.045239586,0.09516425,0.098849855,0.11779653,0.3550993,0.27036864,0.008967589,0.018443335,1.7249067e-05,0.0029571452,0.00506822,7.559149e-05,0.0011073421,0.0015347865,0.0017923103,4.5754266e-05,4.1616586e-05,0.016613638,0.005216126,0.00022234615,0.00024222222,0.0017680638,0.0019191928,0.9549897,0.0019398098,0.01034814,0.006759893,0.019139405,0.021183,3.9787164e-06,1.847648e-06,0.00011963074,7.2299415e-05,2.9809597e-05,5.7181434e-05,2.050307e-06,1.7058827e-07
100000.0,5.319093e-07,0.012645469,0.006310486,0.007843159,0.3428727,0.28092417,5.44342e-06,2.7079787e-07,1.2698206e-07,0.1007712,0.059343014,0.07343701,0.07404868,0.08324321,0.030308973,0.044743877,0.100455225,0.10005667,0.11249895,0.4268012,0.34725145,0.0062948666,0.009079102,2.060522e-05,0.0035767728,0.004949853,4.651537e-05,0.0010808941,0.0015835357,0.0014794574,9.1718684e-05,7.8910474e-05,0.015009988,0.0027656788,0.00025242756,0.00032872465,0.0023497818,0.0018403122,0.93110794,0.0024429078,0.009440856,0.004517215,0.018218208,0.019838657,7.008101e-06,2.892012e-06,0.0002203171,9.0755835e-05,3.689427e-05,6.3413005e-05,2.121383e-06,2.085935e-07
101000.0,7.6308294e-07,0.06752792,0.048579443,0.00061975303,0.1183791,0.09925064,5.2330956e-06,2.2893656e-07,1.6003536e-07,0.028912254,0.0077913697,0.04922379,0.044871546,0.18985616,0.011822257,0.018113445,0.21234345,0.14004354,0.15828227,0.282037,0.15392481,0.018376436,0.043446522,1.421279e-05,0.0024526112,0.0059892256,6.911379e-05,0.0015586541,0.0009542089,0.0021988333,0.00010917587,9.235603e-05,0.00941806,0.0034033875,0.00019395241,0.00016998469,0.0030837026,0.0041537713,0.8569988,0.0019984494,0.01619712,0.0057450966,0.030281223,0.025124526,7.770198e-06,4.8454763e-06,0.0002456429,0.00010277428,3.6118126e-05,7.8220095e-05,8.695502e-07,1.6378972e-07
102000.0,5.892247e-07,0.017483983,0.011653889,0.003600791,0.28639153,0.2163259,4.3929526e-06,2.0530473e-07,1.2046016e-07,0.09545275,0.0505951,0.117223084,0.113255955,0.08028036,0.034514897,0.045185417,0.097496204,0.06743094,0.070305154,0.41309547,0.3106501,0.007692593,0.009625389,1.4315863e-05,0.0036644293,0.005276056,4.77714e-05,0.0015160273,0.0017918036,0.0033437395,4.501411e-05,3.874707e-05,0.01248957,0.0077157742,0.00014744175,0.00013303813,0.0020363193,0.0034220337,0.9333172,0.0012045698,0.017373538,0.005314317,0.036400344,0.023366423,4.886e-06,2.8124812e-06,0.000111967616,6.9789065e-05,3.374289e-05,7.169729e-05,1.1670217e-06,1.4245843e-07
103000.0,4.4541417e-07,0.0118621215,0.008628074,0.005881286,0.32309648,0.24034126,4.7374942e-06,2.2445522e-07,1.1872986e-07,0.09571687,0.04802071,0.099249266,0.09571431,0.106122315,0.025874794,0.035145313,0.125385,0.08028847,0.08687362,0.42201516,0.29883382,0.007658385,0.011422144,1.6421809e-05,0.0048180674,0.0052377908,4.5850094e-05,0.0013503773,0.0012613889,0.0029624994,5.115491e-05,3.6401674e-05,0.014703496,0.0054689324,0.00019298929,0.00017754998,0.0019060324,0.0025355308,0.95058244,0.0017522883,0.013669169,0.0055309483,0.023063257,0.016310893,4.4688563e-06,2.1180474e-06,0.00018117868,4.7404e-05,2.2129152e-05,4.574763e-05,1.420638e-06,1.4247964e-07
104000.0,6.541958e-07,0.012835303,0.0072443667,0.0063003367,0.3028437,0.24406728,4.4138824e-06,2.0518377e-07,1.3783522e-07,0.07692937,0.034042723,0.09742213,0.09927442,0.081872016,0.03414588,0.04646005,0.09461592,0.07789592,0.08342918,0.36054942,0.23513266,0.008862725,0.014468597,1.1707197e-05,0.0038757008,0.0062550916,4.8871017e-05,0.0021573806,0.0017929419,0.002721622,4.098137e-05,3.9765197e-05,0.0081800455,0.003930571,0.00012093956,0.00011120851,0.0030030892,0.0036556416,0.8999631,0.0028064568,0.020818045,0.008175958,0.04007518,0.023629231,4.9051982e-06,2.8560573e-06,0.00010296664,8.4983e-05,2.7034786e-05,5.4647877e-05,1.2663802e-06,1.4933931e-07
