filename,group,date_created,file_size,is_audio,is_video,issues
1716394969549-d5b780f2-c518-46ee-bdc1-835354451fe2-cam-video-1716394969946,20240521_1823_WBLMayG2GW8M,09/07/2024,88.324596,0,1,
1716394969549-478f5e8c-8104-4d21-9dff-0f2f97e61d96-cam-audio-1716394974941,20240521_1823_WBLMayG2GW8M,09/07/2024,4.106715,1,0,
1716394969549-478f5e8c-8104-4d21-9dff-0f2f97e61d96-cam-video-1716394975494,20240521_1823_WBLMayG2GW8M,09/07/2024,237.737324,0,1,
1716394969549-d5b780f2-c518-46ee-bdc1-835354451fe2-cam-audio-1716394969944,20240521_1823_WBLMayG2GW8M,09/07/2024,4.362626,1,0,
1716395873575-7db9651b-6ff3-4ef0-a4a5-6ff39541620b-cam-video-1716395873970,20240522_1325_S3WBLMZ0SDTF,09/07/2024,151.308832,0,1,
1716395873575-dbc8c255-cadf-4975-a424-81e58c478892-cam-video-1716395874907,20240522_1325_S3WBLMZ0SDTF,09/07/2024,434.009187,0,1,
1716395873575-7db9651b-6ff3-4ef0-a4a5-6ff39541620b-cam-audio-1716395873968,20240522_1325_S3WBLMZ0SDTF,09/07/2024,5.58361,1,0,
1716395873575-dbc8c255-cadf-4975-a424-81e58c478892-cam-audio-1716395874906,20240522_1325_S3WBLMZ0SDTF,09/07/2024,6.458219,1,0,
1716394852639-ed4106b1-dbdd-42b7-8b8c-54dd3ebae144-cam-audio-1716394854650,20240522_1325_S3WBLMC0HDVA,09/07/2024,3.78906,1,0,
1716394852639-512a7da4-a19c-4993-8923-5c201bff74e2-cam-audio-1716394854649,20240522_1325_S3WBLMC0HDVA,09/07/2024,4.010823,1,0,
1716394852639-512a7da4-a19c-4993-8923-5c201bff74e2-cam-video-1716394854651,20240522_1325_S3WBLMC0HDVA,09/07/2024,240.772558,0,1,
1716394852639-ed4106b1-dbdd-42b7-8b8c-54dd3ebae144-cam-video-1716394854647,20240522_1325_S3WBLMC0HDVA,09/07/2024,227.043783,0,1,
1716394468014-df326924-86ac-4dc8-8aeb-241afcff8301-cam-video-1716394469274,20240521_1823_WBLMay3XWHK3,09/07/2024,198.992698,0,1,
1716394468014-c72db957-b901-4277-9e5b-44e36c6f16f5-cam-video-1716394469280,20240521_1823_WBLMay3XWHK3,09/07/2024,192.13885,0,1,
1716394468014-c72db957-b901-4277-9e5b-44e36c6f16f5-cam-audio-1716394469276,20240521_1823_WBLMay3XWHK3,09/07/2024,3.373414,1,0,
1716394468014-df326924-86ac-4dc8-8aeb-241afcff8301-cam-audio-1716394469279,20240521_1823_WBLMay3XWHK3,09/07/2024,2.892579,1,0,
1716394968342-d462a20f-30ce-4d12-9763-2e5f62bfc167-cam-audio-1716394969319,20240521_1823_WBLMayTX2V2G,09/07/2024,4.935781,1,0,
1716394968342-d462a20f-30ce-4d12-9763-2e5f62bfc167-cam-video-1716394969321,20240521_1823_WBLMayTX2V2G,09/07/2024,382.769911,0,1,
1716394968342-e3aa4fcd-bd60-48a9-ac38-0d10669b8d5d-cam-video-1716394972347,20240521_1823_WBLMayTX2V2G,09/07/2024,396.479566,0,1,
1716394968342-e3aa4fcd-bd60-48a9-ac38-0d10669b8d5d-cam-audio-1716394972346,20240521_1823_WBLMayTX2V2G,09/07/2024,6.074493,1,0,
1716395231615-a8955554-de44-41f4-8edf-5b8ab8e7ac3d-cam-audio-1716395232654,20240522_1325_S3WBLM0XQ553,09/07/2024,1.559833,1,0,
1716395231615-961ed5b1-3b88-479a-8631-477d1f07b6ad-cam-video-1716395233843,20240522_1325_S3WBLM0XQ553,09/07/2024,108.03009,0,1,
1716395231615-961ed5b1-3b88-479a-8631-477d1f07b6ad-cam-audio-1716395233841,20240522_1325_S3WBLM0XQ553,09/07/2024,1.681772,1,0,
1716395231615-a8955554-de44-41f4-8edf-5b8ab8e7ac3d-cam-video-1716395232656,20240522_1325_S3WBLM0XQ553,09/07/2024,117.046104,0,1,
1716394832459-c765cce9-8b9c-4873-ae16-6cbd6e9146cf-cam-audio-1716394837243,20240521_1823_WBLMayPNR2HK,09/07/2024,4.02496,1,0,
1716394832459-c765cce9-8b9c-4873-ae16-6cbd6e9146cf-cam-video-1716394837242,20240521_1823_WBLMayPNR2HK,09/07/2024,322.997515,0,1,
1716394832459-db41e853-926f-4c16-9ce7-3a223f7cc9f8-cam-audio-1716394833401,20240521_1823_WBLMayPNR2HK,09/07/2024,4.476578,1,0,
1716394832459-db41e853-926f-4c16-9ce7-3a223f7cc9f8-cam-video-1716394833403,20240521_1823_WBLMayPNR2HK,09/07/2024,285.852071,0,1,
1716394601678-ee104f96-6e22-4f19-9b30-b9af27e3e319-cam-video-1716394602678,20240521_1823_WBLMayBQ5GX2,09/07/2024,76.452377,0,1,
1716394601678-324b2168-4b73-4a62-aca9-97c36159e72e-cam-audio-1716394604919,20240521_1823_WBLMayBQ5GX2,09/07/2024,1.264299,1,0,
1716394601678-324b2168-4b73-4a62-aca9-97c36159e72e-cam-video-1716394604921,20240521_1823_WBLMayBQ5GX2,09/07/2024,76.50664,0,1,
1716394601678-ee104f96-6e22-4f19-9b30-b9af27e3e319-cam-audio-1716394602677,20240521_1823_WBLMayBQ5GX2,09/07/2024,1.524788,1,0,
1716394927888-4a39409d-f8dc-4cd3-9218-9b308e546b16-cam-audio-1716394928867,20240522_1325_S3WBLMRA623F,09/07/2024,3.348259,1,0,
1716394927888-fdb1613a-a308-40c5-a93d-0c8bdf0a422c-cam-audio-1716394929955,20240522_1325_S3WBLMRA623F,09/07/2024,3.971749,1,0,
1716394927888-4a39409d-f8dc-4cd3-9218-9b308e546b16-cam-video-1716394928870,20240522_1325_S3WBLMRA623F,09/07/2024,350.388628,0,1,
1716394927888-fdb1613a-a308-40c5-a93d-0c8bdf0a422c-cam-video-1716394929956,20240522_1325_S3WBLMRA623F,09/07/2024,193.541126,0,1,
1716394470859-4b97f019-2458-4397-a5f8-83f77ef3ed6d-cam-video-1716394471835,20240522_1325_S3WBLMRMZ83G,09/07/2024,230.979445,0,1,
1716394470859-34198aab-4c3d-4152-88d5-12315cc59637-cam-video-1716394471840,20240522_1325_S3WBLMRMZ83G,09/07/2024,247.205967,0,1,
1716394470859-34198aab-4c3d-4152-88d5-12315cc59637-cam-audio-1716394471837,20240522_1325_S3WBLMRMZ83G,09/07/2024,3.45827,1,0,
1716394470859-4b97f019-2458-4397-a5f8-83f77ef3ed6d-cam-audio-1716394471839,20240522_1325_S3WBLMRMZ83G,09/07/2024,3.033559,1,0,
1716394420177-0034cd93-7d3f-4f75-8fc4-2a2f9470b784-cam-audio-1716394421126,20240521_1823_WBLMayB8HP63,09/07/2024,1.686839,1,0,
1716394420177-9d86f106-9e93-49eb-8bec-b0a2b89f001c-cam-video-1716394421796,20240521_1823_WBLMayB8HP63,09/07/2024,126.990357,0,1,
1716394420177-0034cd93-7d3f-4f75-8fc4-2a2f9470b784-cam-video-1716394421127,20240521_1823_WBLMayB8HP63,09/07/2024,71.623495,0,1,
1716394420177-9d86f106-9e93-49eb-8bec-b0a2b89f001c-cam-audio-1716394421794,20240521_1823_WBLMayB8HP63,09/07/2024,2.130909,1,0,
1716394930538-935c5110-54ed-4aed-a425-cd62f29fa870-cam-audio-1716394931499,20240521_1823_WBLMay58P8SG,09/07/2024,4.366864,1,0,
1716394930538-935c5110-54ed-4aed-a425-cd62f29fa870-cam-video-1716394931502,20240521_1823_WBLMay58P8SG,09/07/2024,267.950858,0,1,
1716394930538-48a51402-8bba-41b7-aff3-0f0a9797a10b-cam-video-1716394931497,20240521_1823_WBLMay58P8SG,09/07/2024,128.67894,0,1,
1716394930538-48a51402-8bba-41b7-aff3-0f0a9797a10b-cam-audio-1716394931501,20240521_1823_WBLMay58P8SG,09/07/2024,4.2183,1,0,
1716394796991-a3a240da-5185-4971-811f-510c021efb1c-cam-audio-1716394797955,20240522_1325_S3WBLMYQ0NND,09/07/2024,3.516023,1,0,
1716394796991-95ad14ba-307c-4753-a5e3-6a9b114eba22-cam-audio-1716394797954,20240522_1325_S3WBLMYQ0NND,09/07/2024,3.545139,1,0,
1716394796991-95ad14ba-307c-4753-a5e3-6a9b114eba22-cam-video-1716394797956,20240522_1325_S3WBLMYQ0NND,09/07/2024,254.308944,0,1,
1716394796991-a3a240da-5185-4971-811f-510c021efb1c-cam-video-1716394797951,20240522_1325_S3WBLMYQ0NND,09/07/2024,100.668268,0,1,
1716394818065-0a4cab0d-d844-4edf-8ce1-b05ceb6fc134-cam-audio-1716394819056,20240521_1823_WBLMay8MQZR5,09/07/2024,4.813887,1,0,
1716394818065-9d4099f8-5301-4119-b381-fe72e559a5bc-cam-audio-1716394819055,20240521_1823_WBLMay8MQZR5,09/07/2024,5.347628,1,0,
1716394818065-9d4099f8-5301-4119-b381-fe72e559a5bc-cam-video-1716394819058,20240521_1823_WBLMay8MQZR5,09/07/2024,365.631944,0,1,
1716394818065-0a4cab0d-d844-4edf-8ce1-b05ceb6fc134-cam-video-1716394819053,20240521_1823_WBLMay8MQZR5,09/07/2024,334.427575,0,1,
1716395098719-67067052-ffa5-410f-90ad-946bb2fde455-cam-audio-1716395099700,20240521_1823_WBLMayTR126E,09/07/2024,6.877913,1,0,
1716395098719-6710b02f-671c-4b90-b15d-90f1e8e7d7c5-cam-video-1716395099702,20240521_1823_WBLMayTR126E,09/07/2024,136.443043,0,1,
1716395098719-6710b02f-671c-4b90-b15d-90f1e8e7d7c5-cam-audio-1716395099699,20240521_1823_WBLMayTR126E,09/07/2024,6.774323,1,0,
1716395098719-67067052-ffa5-410f-90ad-946bb2fde455-cam-video-1716395099697,20240521_1823_WBLMayTR126E,09/07/2024,414.354037,0,1,
1716394729737-d554b9ba-acae-4b61-bad7-c0b381833fe7-cam-video-1716395744733,20240522_1325_S3WBLMPGEBBB,09/07/2024,18.997614,0,1,
1716394729737-299695c8-0fbc-4abd-bb9c-88c7ffcd9cb1-cam-audio-1716394730714,20240522_1325_S3WBLMPGEBBB,09/07/2024,3.300716,1,0,
1716394729737-e6d6b9dd-d925-49e2-8133-b3b743aea72d-cam-video-1716394730712,20240522_1325_S3WBLMPGEBBB,09/07/2024,219.902997,0,1,
1716394729737-e6d6b9dd-d925-49e2-8133-b3b743aea72d-cam-audio-1716394730717,20240522_1325_S3WBLMPGEBBB,09/07/2024,2.781487,1,0,
1716394729737-299695c8-0fbc-4abd-bb9c-88c7ffcd9cb1-cam-video-1716394730718,20240522_1325_S3WBLMPGEBBB,09/07/2024,274.532981,0,1,
1716394729737-d554b9ba-acae-4b61-bad7-c0b381833fe7-cam-audio-1716395744731,20240522_1325_S3WBLMPGEBBB,09/07/2024,0.249789,1,0,
1716395146310-fa64e36b-7ec5-4b34-95d4-74951a4053de-cam-audio-1716395150123,20240522_1325_S3WBLMQAQ837,09/07/2024,2.259154,1,0,
1716395146310-0abd3e3c-46d0-4c64-9be7-99c00a2d7416-cam-audio-1716395147274,20240522_1325_S3WBLMQAQ837,09/07/2024,2.819003,1,0,
1716395146310-fa64e36b-7ec5-4b34-95d4-74951a4053de-cam-video-1716395150124,20240522_1325_S3WBLMQAQ837,09/07/2024,187.771541,0,1,
1716395146310-0abd3e3c-46d0-4c64-9be7-99c00a2d7416-cam-video-1716395147276,20240522_1325_S3WBLMQAQ837,09/07/2024,78.200664,0,1,
1716395209566-1c712a8d-cf67-4b4a-b284-52efc95d0b2d-cam-audio-1716395210566,20240521_1823_WBLMayBWZEMS,09/07/2024,6.321367,1,0,
1716395209566-5d8e18d0-7392-4765-bcd8-aab767389071-cam-audio-1716395210564,20240521_1823_WBLMayBWZEMS,09/07/2024,6.50986,1,0,
1716395209566-5d8e18d0-7392-4765-bcd8-aab767389071-cam-video-1716395210565,20240521_1823_WBLMayBWZEMS,09/07/2024,282.919241,0,1,
1716395209566-1c712a8d-cf67-4b4a-b284-52efc95d0b2d-cam-video-1716395210562,20240521_1823_WBLMayBWZEMS,09/07/2024,442.022255,0,1,
1716394507208-35c603e4-2275-4f7b-a2bb-c2333fa0f95d-cam-video-1716394508193,20240521_1823_WBLMay0KGC4N,09/07/2024,346.366621,0,1,
1716394507208-35c603e4-2275-4f7b-a2bb-c2333fa0f95d-cam-audio-1716394508197,20240521_1823_WBLMay0KGC4N,09/07/2024,7.052828,1,0,
1716394507208-76380b8e-8d97-41f0-94d7-727c686747ba-cam-audio-1716394508196,20240521_1823_WBLMay0KGC4N,09/07/2024,7.111998,1,0,
1716394507208-76380b8e-8d97-41f0-94d7-727c686747ba-cam-video-1716394508198,20240521_1823_WBLMay0KGC4N,09/07/2024,437.998659,0,1,
1716396074631-a97bb73a-de37-419c-b56a-9a3cf8c43d30-cam-video-1716396075695,20240521_1823_WBLMayMCMS5M,09/07/2024,114.780222,0,1,
1716396074631-a97bb73a-de37-419c-b56a-9a3cf8c43d30-cam-audio-1716396075691,20240521_1823_WBLMayMCMS5M,09/07/2024,1.970687,1,0,
1716396074631-03fabe6a-5cac-4260-bb7d-66ee770c9446-cam-audio-1716396075694,20240521_1823_WBLMayMCMS5M,09/07/2024,2.289791,1,0,
1716396074631-03fabe6a-5cac-4260-bb7d-66ee770c9446-cam-video-1716396075689,20240521_1823_WBLMayMCMS5M,09/07/2024,152.293701,0,1,
1716395262753-a9148940-30ab-4dae-9502-52fb6494fa06-cam-video-1716395263699,20240521_1823_WBLMayS5EFYJ,09/07/2024,434.58744,0,1,
1716395262753-0f5cb81b-102e-4344-9e53-317ec65118cf-cam-video-1716395263702,20240521_1823_WBLMayS5EFYJ,09/07/2024,426.540335,0,1,
1716395262753-0f5cb81b-102e-4344-9e53-317ec65118cf-cam-audio-1716395263700,20240521_1823_WBLMayS5EFYJ,09/07/2024,6.87375,1,0,
1716395262753-a9148940-30ab-4dae-9502-52fb6494fa06-cam-audio-1716395263701,20240521_1823_WBLMayS5EFYJ,09/07/2024,5.920907,1,0,
1716394738796-2165b404-0a01-474a-866f-67d42c5d37ce-cam-audio-1716395961867,20240522_1325_S3WBLM3FV4W8,09/07/2024,1.902794,1,0,
1716394738796-826052de-69b6-4103-8156-eb08d5ad0276-cam-audio-1716394739803,20240522_1325_S3WBLM3FV4W8,09/07/2024,2.746985,1,0,
1716394738796-826052de-69b6-4103-8156-eb08d5ad0276-cam-audio-1716395553080,20240522_1325_S3WBLM3FV4W8,09/07/2024,0.117657,1,0,
1716394738796-826052de-69b6-4103-8156-eb08d5ad0276-cam-video-1716394739799,20240522_1325_S3WBLM3FV4W8,09/07/2024,190.138281,0,1,
1716394738796-833debf2-71fb-44fc-9339-0c1748f93ba7-cam-video-1716394739804,20240522_1325_S3WBLM3FV4W8,09/07/2024,350.077876,0,1,
1716394738796-826052de-69b6-4103-8156-eb08d5ad0276-cam-video-1716395553283,20240522_1325_S3WBLM3FV4W8,09/07/2024,5.746637,0,1,
1716394738796-2165b404-0a01-474a-866f-67d42c5d37ce-cam-video-1716395961868,20240522_1325_S3WBLM3FV4W8,09/07/2024,133.617691,0,1,
1716394738796-4feaeee2-d440-42a0-b42b-c55292b49dd8-cam-audio-1716395586152,20240522_1325_S3WBLM3FV4W8,09/07/2024,1.099299,1,0,
1716394738796-833debf2-71fb-44fc-9339-0c1748f93ba7-cam-audio-1716394739800,20240522_1325_S3WBLM3FV4W8,09/07/2024,5.51647,1,0,
1716394738796-4feaeee2-d440-42a0-b42b-c55292b49dd8-cam-video-1716395586153,20240522_1325_S3WBLM3FV4W8,09/07/2024,72.746534,0,1,
1716394969658-1a569948-8381-409b-9a04-fbb484b191a4-cam-audio-1716394970693.wav,20240522_1325_S3WBLM9W4J66,09/07/2024,3.848268,1,0,
1716394969658-2248af99-a4b6-4751-9a88-3b9a64c283c5-cam-audio-1716394973407,20240522_1325_S3WBLM9W4J66,09/07/2024,5.519158,1,0,
1716394969658-2248af99-a4b6-4751-9a88-3b9a64c283c5-cam-video-1716394973409,20240522_1325_S3WBLM9W4J66,09/07/2024,93.193033,0,1,
1716394969658-1a569948-8381-409b-9a04-fbb484b191a4-cam-audio-1716394970693,20240522_1325_S3WBLM9W4J66,09/07/2024,3.848268,1,0,
1716394969658-1ae18e85-fddc-4d66-b32e-7f543e751d6c-cam-audio-1716395991547,20240522_1325_S3WBLM9W4J66,09/07/2024,2.492618,1,0,
1716394969658-1ae18e85-fddc-4d66-b32e-7f543e751d6c-cam-video-1716395991548,20240522_1325_S3WBLM9W4J66,09/07/2024,1.316109,0,1,
1716394969658-1a569948-8381-409b-9a04-fbb484b191a4-cam-video-1716394970695,20240522_1325_S3WBLM9W4J66,09/07/2024,3.227951,0,1,
1716394151038-9edee9b5-1b56-490c-b420-eb6f92a10f95-cam-audio-1716394152046,20240521_1823_WBLMayD1M24W,20/08/2024,2.624346,1,0,
1716394151038-920cfc35-fe31-44d0-bf10-105793bd1633-cam-video-1716394152048,20240521_1823_WBLMayD1M24W,20/08/2024,68.337656,0,1,
1716394151038-920cfc35-fe31-44d0-bf10-105793bd1633-cam-audio-1716394152045,20240521_1823_WBLMayD1M24W,20/08/2024,2.484431,1,0,
1716394151038-9edee9b5-1b56-490c-b420-eb6f92a10f95-cam-video-1716394152042,20240521_1823_WBLMayD1M24W,20/08/2024,95.178229,0,1,"Error: 0 columns passed, passed data had 1 columns while processing 1716394151038-9edee9b5-1b56-490c-b420-eb6f92a10f95-cam-video-1716394152042"
1716395041511-75ab05f9-741f-4ded-b10d-95f7184dfb97-cam-audio-1716395042911,20240522_1325_S3WBLM6NR0VV,09/07/2024,4.214779,1,0,
1716395041511-75ab05f9-741f-4ded-b10d-95f7184dfb97-cam-video-1716395042915,20240522_1325_S3WBLM6NR0VV,09/07/2024,330.610246,0,1,
1716395041511-331a6400-dda5-4364-8d10-dddae9a34b84-cam-video-1716395042908,20240522_1325_S3WBLM6NR0VV,09/07/2024,309.085154,0,1,
1716395041511-331a6400-dda5-4364-8d10-dddae9a34b84-cam-audio-1716395042913,20240522_1325_S3WBLM6NR0VV,09/07/2024,5.193664,1,0,
1716394783732-35a17437-324d-4965-bf67-12b11526db68-cam-audio-1716394790503,20240522_1325_S3WBLMKJJESE,09/07/2024,6.299968,1,0,
1716394783732-35a17437-324d-4965-bf67-12b11526db68-cam-video-1716394790504,20240522_1325_S3WBLMKJJESE,09/07/2024,347.186797,0,1,
1716394783732-ed6c4b3a-8f91-4de2-a3d7-a52ba60b5dc0-cam-audio-1716394784718,20240522_1325_S3WBLMKJJESE,09/07/2024,6.470343,1,0,
1716394783732-ed6c4b3a-8f91-4de2-a3d7-a52ba60b5dc0-cam-video-1716394784720,20240522_1325_S3WBLMKJJESE,09/07/2024,377.151636,0,1,
1716395294891-01b432f6-d66b-4655-8200-25bef827e588-cam-audio-1716395295876,20240522_1325_S3WBLMCJ9QDR,09/07/2024,5.224283,1,0,
1716395294891-28e80318-c304-4b03-9381-86bd8903e244-cam-audio-1716395299552,20240522_1325_S3WBLMCJ9QDR,09/07/2024,4.602462,1,0,
1716395294891-01b432f6-d66b-4655-8200-25bef827e588-cam-video-1716395295879,20240522_1325_S3WBLMCJ9QDR,09/07/2024,344.158409,0,1,
1716395294891-28e80318-c304-4b03-9381-86bd8903e244-cam-video-1716395299551,20240522_1325_S3WBLMCJ9QDR,09/07/2024,226.26777,0,1,
1716394665822-dab5468a-d9c0-4cdd-aaeb-7af47adb201e-cam-audio-1716394666781,20240522_1325_S3WBLM1HA7V7,09/07/2024,3.00531,1,0,
1716394665822-52745460-07f9-4c6e-a2d8-e560c41343d2-cam-audio-1716394666780,20240522_1325_S3WBLM1HA7V7,09/07/2024,3.30728,1,0,
1716394665822-52745460-07f9-4c6e-a2d8-e560c41343d2-cam-video-1716394666782,20240522_1325_S3WBLM1HA7V7,09/07/2024,242.277425,0,1,
1716394665822-dab5468a-d9c0-4cdd-aaeb-7af47adb201e-cam-video-1716394666777,20240522_1325_S3WBLM1HA7V7,09/07/2024,197.802571,0,1,
1716395028170-d033f425-9e75-4aae-9a7a-a3371ddf864f-cam-video-1716395029150,20240521_1823_WBLMayN48N5V,09/07/2024,429.920514,0,1,
1716395028170-1b8ff771-b767-4e5d-b5bf-31f527a31bd8-cam-video-1716395029144,20240521_1823_WBLMayN48N5V,09/07/2024,447.806067,0,1,
1716395028170-1b8ff771-b767-4e5d-b5bf-31f527a31bd8-cam-audio-1716395029147,20240521_1823_WBLMayN48N5V,09/07/2024,7.019815,1,0,
1716395028170-d033f425-9e75-4aae-9a7a-a3371ddf864f-cam-audio-1716395029146,20240521_1823_WBLMayN48N5V,09/07/2024,6.991692,1,0,
1716394560967-3eaedfba-769c-423e-a160-b3a56bac9f3a-cam-video-1716394561993,20240521_1823_WBLMay6BBDES,09/07/2024,258.850287,0,1,
1716394560967-4e5e9388-c491-4632-b5c8-3531540a82cf-cam-audio-1716394561995,20240521_1823_WBLMay6BBDES,09/07/2024,4.343312,1,0,
1716394560967-4e5e9388-c491-4632-b5c8-3531540a82cf-cam-video-1716394561997,20240521_1823_WBLMay6BBDES,09/07/2024,231.205263,0,1,
1716394560967-3eaedfba-769c-423e-a160-b3a56bac9f3a-cam-audio-1716394561996,20240521_1823_WBLMay6BBDES,09/07/2024,3.398073,1,0,
1716395024278-d5930aac-68e1-4fb8-a151-279555b71fe2-cam-audio-1716395024736,20240521_1823_WBLMayTB7318,09/07/2024,2.296079,1,0,
1716395024278-24a8b470-1de4-48d1-8779-8c532e277d67-cam-video-1716395024737,20240521_1823_WBLMayTB7318,09/07/2024,116.920633,0,1,
1716395024278-d5930aac-68e1-4fb8-a151-279555b71fe2-cam-video-1716395024732,20240521_1823_WBLMayTB7318,09/07/2024,55.827085,0,1,
1716395024278-24a8b470-1de4-48d1-8779-8c532e277d67-cam-audio-1716395024734,20240521_1823_WBLMayTB7318,09/07/2024,2.680819,1,0,
1716396830476-94efdc3a-3f86-41c3-bf7a-fb60f737a28a-cam-video-1716396831427,20240522_1325_S3WBLMW3QQXC,09/07/2024,109.873316,0,1,
1716396830476-6da5a1b9-8cc7-4071-917d-7fe090c4fdb4-cam-video-1716396836293,20240522_1325_S3WBLMW3QQXC,09/07/2024,32.727557,0,1,
1716396830476-6da5a1b9-8cc7-4071-917d-7fe090c4fdb4-cam-audio-1716396836050,20240522_1325_S3WBLMW3QQXC,09/07/2024,3.014637,1,0,
1716396830476-94efdc3a-3f86-41c3-bf7a-fb60f737a28a-cam-audio-1716396831425,20240522_1325_S3WBLMW3QQXC,09/07/2024,2.252299,1,0,
1716394770059-e7295d29-cdd4-40c7-b89b-8be6188acb73-cam-video-1716394771028,20240522_1325_S3WBLME15F3C,09/07/2024,111.324196,0,1,
1716394770059-e7295d29-cdd4-40c7-b89b-8be6188acb73-cam-audio-1716394771025,20240522_1325_S3WBLME15F3C,09/07/2024,5.039406,1,0,
1716394770059-4b2605e8-efd5-43e2-bf66-401745168ba5-cam-audio-1716394771026,20240522_1325_S3WBLME15F3C,09/07/2024,5.122105,1,0,
1716394770059-4b2605e8-efd5-43e2-bf66-401745168ba5-cam-video-1716394771021,20240522_1325_S3WBLME15F3C,09/07/2024,352.007365,0,1,
1716394769130-de740010-7216-427a-8b54-ab5bb6079688-cam-audio-1716394770094,20240522_1325_S3WBLM3BJQ16,09/07/2024,2.01898,1,0,
1716394769130-5bc07473-1810-4da7-a57d-d89e4923478b-cam-video-1716394770096,20240522_1325_S3WBLM3BJQ16,09/07/2024,134.699414,0,1,
1716394769130-5bc07473-1810-4da7-a57d-d89e4923478b-cam-audio-1716394770093,20240522_1325_S3WBLM3BJQ16,09/07/2024,1.921615,1,0,
1716394769130-de740010-7216-427a-8b54-ab5bb6079688-cam-video-1716394770091,20240522_1325_S3WBLM3BJQ16,09/07/2024,53.162251,0,1,
1716395083742-f7b8be61-b042-4877-bcce-3f228c060c0e-cam-video-1716395084731,20240521_1823_WBLMay1C89Q6,09/07/2024,397.312984,0,1,
1716395083742-d5bd0f20-31de-4980-8491-4769a26f28e9-cam-video-1716395084727,20240521_1823_WBLMay1C89Q6,09/07/2024,383.657993,0,1,
1716395083742-f7b8be61-b042-4877-bcce-3f228c060c0e-cam-audio-1716395084728,20240521_1823_WBLMay1C89Q6,09/07/2024,5.112702,1,0,
1716395083742-d5bd0f20-31de-4980-8491-4769a26f28e9-cam-audio-1716395084729,20240521_1823_WBLMay1C89Q6,09/07/2024,5.112557,1,0,
1716394481617-302900d4-8a64-4ca5-81ab-4f4eb21c7cdf-cam-audio-1716394482603,20240521_1823_WBLMayQH9BHH,09/07/2024,5.443603,1,0,
1716394481617-fc7d2f6f-2385-4713-8d5e-75ccdb643462-cam-video-1716394482601,20240521_1823_WBLMayQH9BHH,09/07/2024,340.16882,0,1,
1716394481617-302900d4-8a64-4ca5-81ab-4f4eb21c7cdf-cam-video-1716394482606,20240521_1823_WBLMayQH9BHH,09/07/2024,376.823983,0,1,
1716394481617-fc7d2f6f-2385-4713-8d5e-75ccdb643462-cam-audio-1716394482605,20240521_1823_WBLMayQH9BHH,09/07/2024,5.887204,1,0,
1716395237689-91d8c598-6197-45c4-b3c7-8b4199acdc3d-cam-video-1716395238128,20240522_1325_S3WBLMJ9ZP9P,09/07/2024,218.752413,0,1,
1716395237689-91d8c598-6197-45c4-b3c7-8b4199acdc3d-cam-audio-1716395238126,20240522_1325_S3WBLMJ9ZP9P,09/07/2024,2.563454,1,0,
1716395237689-9c110cd1-6e87-4e29-a2d2-e1fe3955cfd5-cam-video-1716395241665,20240522_1325_S3WBLMJ9ZP9P,09/07/2024,222.860995,0,1,
1716395237689-9c110cd1-6e87-4e29-a2d2-e1fe3955cfd5-cam-audio-1716395241664,20240522_1325_S3WBLMJ9ZP9P,09/07/2024,2.930791,1,0,
1716394940868-b7d813dc-5d36-45e5-b11d-1f13af1ce55e-cam-video-1716394941844,20240522_1325_S3WBLMMSXASK,09/07/2024,106.820325,0,1,
1716394940868-b7d813dc-5d36-45e5-b11d-1f13af1ce55e-cam-audio-1716394941842,20240522_1325_S3WBLMMSXASK,09/07/2024,2.588826,1,0,
1716394940868-5349d99f-1db8-4d3b-9c69-a1fdab8f96eb-cam-video-1716394943895,20240522_1325_S3WBLMMSXASK,18/08/2024,43.220666,0,1,
1716394940868-5349d99f-1db8-4d3b-9c69-a1fdab8f96eb-cam-audio-1716394943894,20240522_1325_S3WBLMMSXASK,09/07/2024,3.108628,1,0,
1716394431006-0f0c9442-01e7-46e6-8b2d-a63c3e686bd3-cam-audio-1716394435411,20240522_1325_S3WBLMSQ7YQ0,09/07/2024,4.27004,1,0,
1716394431006-ec9a026b-b651-40ab-8a91-34d0df726c00-cam-audio-1716394432006,20240522_1325_S3WBLMSQ7YQ0,09/07/2024,3.755627,1,0,
1716394431006-0f0c9442-01e7-46e6-8b2d-a63c3e686bd3-cam-video-1716394435412,20240522_1325_S3WBLMSQ7YQ0,09/07/2024,290.970315,0,1,
1716394431006-ec9a026b-b651-40ab-8a91-34d0df726c00-cam-video-1716394432009,20240522_1325_S3WBLMSQ7YQ0,09/07/2024,291.109516,0,1,
1716394409683-187ba890-fae9-407b-9e04-d385663dc7ab-cam-audio-1716394410668,20240522_1325_S3WBLM4HKEQH,09/07/2024,1.953455,1,0,
1716394409683-187ba890-fae9-407b-9e04-d385663dc7ab-cam-video-1716394410664,20240522_1325_S3WBLM4HKEQH,09/07/2024,176.200617,0,1,
1716394409683-daa44885-b66c-4df9-9750-3c4cc6010312-cam-audio-1716394410667,20240522_1325_S3WBLM4HKEQH,09/07/2024,2.852125,1,0,
1716394409683-daa44885-b66c-4df9-9750-3c4cc6010312-cam-video-1716394410669,20240522_1325_S3WBLM4HKEQH,09/07/2024,155.19668,0,1,
1716394913003-43da91be-3d02-412c-90e5-99f971cb9b20-cam-audio-1716394914001,20240522_1325_S3WBLM3YDEE4,09/07/2024,1.657408,1,0,
1716394913003-5732cac5-22f8-4611-b159-997cdc749087-cam-video-1716394919548,20240522_1325_S3WBLM3YDEE4,09/07/2024,103.109547,0,1,
1716394913003-5732cac5-22f8-4611-b159-997cdc749087-cam-audio-1716394919546,20240522_1325_S3WBLM3YDEE4,09/07/2024,1.659654,1,0,
1716394913003-43da91be-3d02-412c-90e5-99f971cb9b20-cam-video-1716394914004,20240522_1325_S3WBLM3YDEE4,09/07/2024,83.101407,0,1,
1716394816623-49a7c057-032e-4b37-8dbb-5ea7060132dd-cam-video-1716394817600,20240521_1823_WBLMayPE5ZXV,09/07/2024,444.865397,0,1,
1716394816623-29371018-aa51-4cb0-8ab4-acb3364dfedd-cam-video-1716394817594,20240521_1823_WBLMayPE5ZXV,09/07/2024,441.806905,0,1,
1716394816623-49a7c057-032e-4b37-8dbb-5ea7060132dd-cam-audio-1716394817596,20240521_1823_WBLMayPE5ZXV,09/07/2024,4.963822,1,0,
1716394816623-29371018-aa51-4cb0-8ab4-acb3364dfedd-cam-audio-1716394817599,20240521_1823_WBLMayPE5ZXV,09/07/2024,6.226143,1,0,
1716394563909-40745c14-1ae9-4576-a1ac-543cc4974762-cam-audio-1716394564899,20240521_1823_WBLMayDNHQXK,09/07/2024,0.406407,1,0,
1716394563909-40745c14-1ae9-4576-a1ac-543cc4974762-cam-video-1716394564902,20240521_1823_WBLMayDNHQXK,09/07/2024,26.193432,0,1,
1716394400495-4811ec69-a66f-4e78-8722-1d553fcc3bb4-cam-video-1716394401471,20240521_1823_WBLMaySB0E3M,09/07/2024,308.849403,0,1,
1716394400495-515d1e33-4cbe-4958-bd9a-5f276c25b815-cam-audio-1716394401473,20240521_1823_WBLMaySB0E3M,09/07/2024,4.91032,1,0,
1716394400495-515d1e33-4cbe-4958-bd9a-5f276c25b815-cam-video-1716394401476,20240521_1823_WBLMaySB0E3M,09/07/2024,316.847479,0,1,
1716394400495-4811ec69-a66f-4e78-8722-1d553fcc3bb4-cam-audio-1716394401475,20240521_1823_WBLMaySB0E3M,09/07/2024,5.246417,1,0,
1716394836688-f2949717-a15e-4dbe-af88-7c256113aadf-cam-audio-1716394837700,20240522_1325_S3WBLM1GW0BF,09/07/2024,2.50179,1,0,
1716394836688-40702634-31f3-41bf-8cb8-47db3919c928-cam-audio-1716394837698,20240522_1325_S3WBLM1GW0BF,09/07/2024,2.022332,1,0,
1716394836688-f2949717-a15e-4dbe-af88-7c256113aadf-cam-video-1716394837696,20240522_1325_S3WBLM1GW0BF,09/07/2024,156.582315,0,1,
1716394836688-40702634-31f3-41bf-8cb8-47db3919c928-cam-video-1716394837702,20240522_1325_S3WBLM1GW0BF,09/07/2024,156.228538,0,1,
1716394944722-d5f4414f-2cab-41fd-ad1c-68a28de1818c-cam-audio-1716394945695,20240521_1823_WBLMay1GP8HB,09/07/2024,7.009905,1,0,
1716394944722-3787afa3-0344-4f0a-abba-0979b0af1ff9-cam-video-1716394945693,20240521_1823_WBLMay1GP8HB,09/07/2024,267.781451,0,1,
1716394944722-3787afa3-0344-4f0a-abba-0979b0af1ff9-cam-audio-1716394945697,20240521_1823_WBLMay1GP8HB,09/07/2024,5.710921,1,0,
1716394944722-d5f4414f-2cab-41fd-ad1c-68a28de1818c-cam-video-1716394945698,20240521_1823_WBLMay1GP8HB,09/07/2024,109.615639,0,1,
1716395718241-5960d5e7-6435-4f56-ba93-20e6d11cd490-cam-video-1716395719211,20240521_1823_WBLMay69KAN0,09/07/2024,101.311113,0,1,
1716395718241-2f696c70-1341-4ea9-bc2d-d7bc53649c5c-cam-audio-1716395747749,20240521_1823_WBLMay69KAN0,09/07/2024,4.17874,1,0,
1716395718241-5960d5e7-6435-4f56-ba93-20e6d11cd490-cam-audio-1716395719209,20240521_1823_WBLMay69KAN0,09/07/2024,5.188863,1,0,
1716395718241-2f696c70-1341-4ea9-bc2d-d7bc53649c5c-cam-video-1716395747750,20240521_1823_WBLMay69KAN0,09/07/2024,0.019241,0,1,
