Word,Start Time,End Time,start_time_diff
just,0.11942308,0.27865386,0.0
to,0.27865386,0.5971154,0.15923077999999996
double,0.5971154,0.91557693,0.31846154
check,0.91557693,1.0748076,0.31846153
yeah,3.4632692,3.5428846,2.54769227
i,4.020577,4.1798077,0.5573078000000002
can,4.1798077,4.2594233,0.15923069999999928
hear,4.2594233,4.3390384,0.07961560000000034
you,4.3390384,4.498269,0.07961509999999983
perfectly,4.498269,4.5778847,0.1592305999999999
quickly,4.5778847,4.896346,0.07961570000000062
okay,8.319808,8.558654,3.7419233
yeah,9.752885,9.991731,1.433076999999999
so,10.310192,10.628654,0.5573070000000016
i,10.787885,10.947115,0.4776929999999986
i,11.026731,11.106346,0.23884600000000056
guess,11.106346,11.265577,0.07961500000000044
i'm,11.424808,11.663653,0.31846200000000024
supposed,11.663653,11.822885,0.23884499999999953
to,11.822885,12.220962,0.15923199999999937
with,12.698654,12.857884,0.875769
you,12.857884,13.017116,0.15923000000000087
on,14.785,15.185,1.9271159999999998
on,15.185,15.685,0.40000000000000036
potential,15.745,15.985001,0.5599999999999987
sa,15.985001,16.145,0.24000100000000124
bad,16.145,16.545,0.15999899999999911
so,16.865,17.265,0.7199999999999989
i,17.425,17.585,0.5600000000000023
was,17.585,17.745,0.16000000000000014
and,18.305,18.385,0.7199999999999989
i,18.545,18.625,0.240000000000002
was,18.625,18.785,0.0799999999999983
thinking,18.785,19.185,0.16000000000000014
of,19.185,19.685,0.3999999999999986
taking,19.905,20.405,0.7200000000000024
after,21.665,22.065,1.759999999999998
it's,22.865,23.105,1.1999999999999993
a,23.105,23.505001,0.240000000000002
pretty,23.505001,23.904999,0.4000009999999996
extended,23.904999,24.224998,0.3999980000000001
period,24.224998,24.465,0.31999899999999926
of,24.465,24.625,0.2400020000000005
time,24.625,24.785,0.16000000000000014
of,24.785,25.025,0.16000000000000014
working,25.025,25.345001,0.23999999999999844
so,26.719189,26.798864,1.6941890000000015
just,26.958214,27.117565,0.2390250000000016
wanted,27.117565,27.356592,0.15935099999999736
to,27.356592,27.834644,0.2390270000000001
discuss,27.834644,28.334644,0.4780520000000017
control,29.268799,29.348475,1.4341550000000005
for,29.348475,29.5875,0.07967599999999919
that,29.5875,30.065552,0.23902499999999804
and,30.543604,30.78263,0.9561039999999998
end,30.78263,31.021656,0.23902600000000263
funding,31.021656,31.521656,0.23902599999999907
for,31.579384,31.738735,0.5577280000000009
it,31.738735,32.057434,0.15935099999999736
possible,32.057434,32.557434,0.3186990000000023
sorry,57.45426,57.69391,25.396825999999997
hold,58.49272,58.65249,1.0384600000000006
on,58.65249,58.81225,0.15977000000000174
can,58.972015,59.131775,0.3195249999999987
you,59.131775,59.291542,0.15975999999999857
hear,59.291542,59.4513,0.1597670000000022
me,59.4513,59.531185,0.15975800000000362
i,63.12586,63.28562,3.6745599999999996
don't,63.28562,63.365505,0.15975999999999857
think,63.365505,63.52527,0.07988499999999732
i,63.60515,63.68503,0.239645000000003
can,63.68503,63.924675,0.07987999999999573
hear,63.924675,64.16432,0.239645000000003
you,64.16432,64.40397,0.239645000000003
okay,78.44669,78.60602,14.28237
i,78.76534,78.845,0.318649999999991
can,78.845,78.92466,0.07966000000000406
hear,78.92466,79.00432,0.07966000000000406
you,79.00432,79.16364,0.07966000000000406
now,79.16364,79.2433,0.1593199999999939
i'm,79.32297,79.402626,0.15932999999999709
sorry,79.402626,79.482285,0.07965599999999995
i,79.64161,79.72127,0.23898400000000208
don't,79.72127,79.800934,0.07966000000000406
i,79.96025,80.03992,0.23897999999999797
don't,80.03992,80.119576,0.07966999999999302
know,80.119576,80.2789,0.07965599999999995
it,80.2789,80.51788,0.15932399999999802
went,80.51788,80.59754,0.23898000000001218
on,80.59754,80.75687,0.07965999999998985
okay,93.28671,93.525856,12.689170000000004
yeah,111.76,112.0,18.473290000000006
yeah,112.24,112.4,0.47999999999998977
so,112.72,113.22,0.480000000000004
to,113.76,113.92,1.0400000000000063
start,113.92,114.159996,0.1599999999999966
things,114.159996,114.4,0.23999600000000498
off,114.4,114.64,0.240003999999999
i,114.96,115.12,0.5599999999999881
i,115.36,115.68,0.4000000000000057
was,115.68,115.84,0.3200000000000074
thinking,115.84,116.08,0.1599999999999966
about,116.08,116.24,0.23999999999999488
a,116.24,116.4,0.1599999999999966
about,116.4,116.72,0.1600000000000108
coin,116.72,116.88,0.3199999999999932
and,116.88,117.12,0.1599999999999966
was,117.12,117.62,0.2400000000000091
considering,118.16,118.56,1.039999999999992
planning,118.56,118.88,0.4000000000000057
it,118.88,119.28,0.3199999999999932
because,119.76,120.16,0.8800000000000097
i've,120.32,120.64,0.5599999999999881
you,120.72,120.88,0.4000000000000057
know,120.88,121.04,0.1599999999999966
been,121.534996,121.854996,0.6549960000000112
so,121.854996,122.255,0.3199999999999932
involved,122.255,122.495,0.4000039999999956
with,122.495,122.735,0.2400000000000091
work,122.735,122.975,0.23999999999999488
recently,122.975,123.475,0.23999999999999488
i've,124.335,124.735,1.3599999999999994
been,124.735,125.055,0.4000000000000057
you,125.135,125.295,0.4000000000000057
know,125.295,125.534996,0.1599999999999966
full,126.174995,126.415,0.8799949999999939
steam,126.415,126.815,0.24000500000001068
ahead,126.815,127.055,0.3999999999999915
i've,128.095,128.33499,1.2800000000000011
been,128.33499,128.575,0.23999000000000592
dedicating,128.575,129.075,0.24000999999998385
pretty,129.295,129.535,0.7199999999999989
much,129.535,129.69499,0.2400000000000091
most,129.69499,129.855,0.15998999999999342
of,129.855,130.015,0.16000999999999976
my,130.015,130.175,0.1599999999999966
life,130.175,130.415,0.160000000000025
to,130.415,130.495,0.23999999999998067
work,130.495,130.735,0.0800000000000125
right,130.735,130.975,0.2400000000000091
now,130.975,131.215,0.23999999999998067
i've,132.255,132.415,1.2800000000000011
you,132.575,132.655,0.3199999999999932
know,132.655,132.815,0.0800000000000125
been,133.135,133.635,0.47999999999998977
consistently,133.855,134.255,0.7199999999999989
working,134.255,134.655,0.4000000000000057
fourteen,134.655,135.055,0.4000000000000057
hour,135.055,135.375,0.4000000000000057
days,135.375,135.615,0.3199999999999932
which,136.42789,136.82597,1.0528899999999908
i,136.9852,137.14442,0.5573100000000011
i,137.22404,137.30367,0.23884000000001038
i,137.38327,137.54251,0.15923000000000798
don't,137.54251,137.70174,0.15923999999998273
think,137.70174,138.17943,0.15923000000000798
anyone,138.17943,138.41827,0.4776899999999955
prefers,138.41827,138.65712,0.23884000000001038
but,138.81635,139.31635,0.3980799999999931
to,139.53288,139.69212,0.7165300000000059
me,139.69212,139.85135,0.15923999999998273
i,140.16982,140.40866,0.4776999999999987
was,140.40866,140.72713,0.23884000000001038
really,140.72713,140.96597,0.3184699999999907
focusing,140.96597,141.36404,0.23884000000001038
on,141.36404,141.44366,0.39806999999998993
my,141.44366,141.60289,0.07962000000000558
work,141.60289,141.76212,0.15923000000000798
at,141.76212,141.84174,0.15923000000000798
the,141.84174,142.00096,0.07961999999997715
period,142.00096,142.1602,0.1592200000000048
of,142.1602,142.39905,0.15924000000001115
time,142.39905,142.6379,0.23884999999998513
and,143.43405,143.59328,1.035000000000025
you,143.6729,143.7525,0.23884999999998513
know,143.7525,143.91174,0.07959999999999923
i,144.2302,144.30981,0.4776999999999987
i,144.46904,144.54866,0.23884000000001038
think,144.54866,144.62828,0.07962000000000558
the,144.62828,144.94673,0.07961999999997715
results,144.94673,145.2652,0.3184500000000128
kinda,145.2652,145.58366,0.3184699999999907
speak,145.58366,145.74289,0.31846000000001595
to,145.74289,146.14096,0.15922999999997955
itself,146.14096,146.64096,0.39807000000001835
with,147.01674,147.09634,0.8757799999999918
you,147.17596,147.25558,0.1592200000000048
know,147.25558,147.41481,0.07962000000000558
the,147.57405,147.73328,0.3184699999999907
patents,147.73328,148.23328,0.15923000000000798
the,148.863,149.02228,1.1297199999999918
papers,149.02228,149.42046,0.15927999999999543
and,149.42046,149.65936,0.3981799999999964
everything,149.65936,150.13719,0.238900000000001
and,150.85391,151.09282,1.1945500000000209
everything,151.09282,151.41136,0.23890999999997575
that,151.41136,151.57063,0.3185400000000129
i've,151.65027,151.88919,0.23891000000000417
kind,151.88919,152.04846,0.23892000000000735
of,152.04846,152.20773,0.15926999999999225
helped,152.20773,152.52628,0.15926999999999225
contribute,152.52628,153.02628,0.3185500000000161
to,153.40228,153.56155,0.8759999999999764
the,153.56155,153.72083,0.15927000000002067
university,153.72083,154.22083,0.15927999999999543
in,154.91536,154.99501,1.194529999999986
the,154.99501,155.31355,0.0796500000000151
research,155.31355,155.39319,0.3185399999999845
and,155.6321,155.79137,0.3185500000000161
so,155.79137,156.29137,0.15926999999999225
i,156.98592,157.46373,1.1945499999999925
i,157.623,157.70264,0.6370799999999974
i,157.86191,157.94154,0.23891000000000417
felt,157.94154,158.10081,0.07963000000000875
like,158.10081,158.33974,0.15926999999999225
that's,158.33974,158.49901,0.23893000000001052
been,158.49901,158.65828,0.15926999999999225
taking,158.65828,158.97682,0.15926999999999225
an,158.97682,159.29536,0.3185400000000129
extreme,159.29536,159.69354,0.3185399999999845
toll,159.69354,159.93246,0.39818000000002485
not,160.80846,161.127,1.1149199999999837
only,161.127,161.58,0.3185400000000129
through,161.69972,161.93915,0.5727200000000039
the,161.93915,162.09877,0.2394299999999987
work,162.09877,162.33821,0.15961999999998966
that,162.33821,162.41801,0.23944000000000187
i've,162.49783,162.81708,0.15961999999998966
done,162.81708,163.29594,0.3192500000000109
myself,163.29594,163.45557,0.4788599999999974
but,163.61519,163.77481,0.3192500000000109
also,163.77481,164.09406,0.15961999999998966
running,164.09406,164.25368,0.3192500000000109
a,164.25368,164.49312,0.15961999999998966
lab,164.49312,164.73254,0.23944000000000187
training,165.69028,166.08934,1.1971599999999967
numerous,166.32878,166.64803,0.6384999999999934
phd,166.72783,167.2067,0.3990500000000168
students,167.2067,167.60576,0.4788700000000006
and,168.40387,168.64331,1.1971699999999998
and,168.64331,168.88274,0.23944000000000187
all,168.88274,168.96255,0.2394299999999987
of,168.96255,169.12218,0.07980999999998062
that,169.12218,169.44142,0.15962999999999283
has,169.44142,169.60104,0.31924000000000774
just,169.60104,170.10104,0.15962000000001808
taken,170.39915,170.7982,0.7981099999999799
an,170.7982,171.27707,0.3990500000000168
extreme,171.27707,171.59633,0.4788700000000006
hold,171.59633,171.75595,0.31925999999998567
on,171.75595,171.91557,0.15962000000001808
my,171.91557,172.0752,0.15961999999998966
body,172.0752,172.39444,0.15962999999999283
my,172.55406,172.79349,0.4788599999999974
physical,172.79349,173.11273,0.2394299999999987
health,173.11273,173.5118,0.31924000000000774
mental,173.5118,173.75122,0.3990699999999947
health,173.75122,173.99066,0.23941999999999553
and,174.88461,174.96457,1.1333900000000199
i've,175.12447,175.28436,0.23985999999999308
you,175.28436,175.3643,0.1598899999999901
know,175.3643,175.44426,0.07993999999999346
i,175.76405,175.844,0.3997500000000116
went,175.844,176.00389,0.07994999999999663
to,176.00389,176.16379,0.15989000000001852
the,176.16379,176.32368,0.15989999999999327
doctor,176.32368,176.64348,0.1598899999999901
you,176.80338,176.88333,0.47970000000000823
know,176.88333,176.96327,0.07994999999999663
from,177.04323,177.20312,0.15989999999999327
my,177.20312,177.28307,0.15989000000001852
annual,177.28307,177.68282,0.07994999999999663
checkup,177.68282,177.92265,0.3997499999999832
up,177.92265,178.00261,0.23983000000001198
kind,178.4823,178.6422,0.5596500000000049
of,178.6422,179.04193,0.15989999999999327
talk,179.04193,179.28178,0.39973000000000525
through,179.28178,179.44168,0.2398499999999899
him,179.44168,179.94168,0.15989999999999327
through,180.24117,180.481,0.79949000000002
these,180.481,180.72086,0.23982999999998356
things,180.72086,180.88075,0.23985999999999308
and,181.04065,181.44038,0.3197900000000118
they,181.44038,181.68024,0.39973000000000525
you,181.92007,182.00003,0.47969000000000506
know,182.00003,182.07997,0.07995999999999981
suggested,182.47972,182.79951,0.47968999999997664
a,182.79951,183.03935,0.3197900000000118
break,183.03935,183.2792,0.23984000000001515
and,184.47842,184.71828,1.4390699999999867
and,184.71828,185.11801,0.23985999999999308
and,185.11801,185.51776,0.39973000000000525
you,185.59772,185.67766,0.4797100000000114
know,185.67766,185.83755,0.07993999999999346
taking,186.07741,186.5571,0.3997499999999832
a,186.79694,187.29694,0.7195300000000202
relaxation,187.35658,187.75632,0.5596400000000017
from,187.75632,188.07611,0.39973999999998
from,188.07611,188.23601,0.3197900000000118
all,188.23601,188.31596,0.15989999999999327
the,188.31596,188.47586,0.07994999999999663
work,188.47586,188.79565,0.1599000000000217
and,188.79565,188.95555,0.31978999999998337
stuff,188.95555,189.11545,0.15989999999999327
that,189.11545,189.19539,0.1599000000000217
i,189.27534,189.43524,0.1598899999999901
did,189.43524,189.51518,0.15989999999999327
so,190.40962,190.88931,0.9743799999999965
just,190.88931,191.04921,0.47969000000000506
to,191.04921,191.2091,0.15989999999999327
lay,191.2091,191.44896,0.15989000000001852
things,191.44896,191.68881,0.23985999999999308
out,191.68881,191.84871,0.2398499999999899
make,192.08855,192.40834,0.3997400000000084
everything,192.40834,192.88805,0.3197900000000118
clear,192.88805,193.20784,0.479709999999983
the,194.08728,194.24718,1.19923
sa,194.24718,194.40707,0.15989999999999327
about,194.40707,194.64693,0.15989000000001852
that,194.64693,194.72688,0.23985999999999308
i'm,194.88678,195.04668,0.2398499999999899
planning,195.04668,195.54668,0.1599000000000217
is,195.68626,196.18626,0.6395799999999952
i,197.04541,197.2053,1.3591499999999996
was,197.2053,197.44514,0.1598899999999901
considering,197.44514,197.685,0.23984000000001515
a,197.685,197.8449,0.23985999999999308
twenty,197.8449,198.08475,0.15989999999999327
one,198.08475,198.4845,0.23985000000001833
months,198.4845,198.88423,0.3997499999999832
about,198.88423,199.28398,0.39973000000000525
and,200.00352,200.24338,1.1192900000000066
so,200.24338,200.74338,0.23985999999999308
twelve,201.52257,201.7624,1.2791899999999998
of,201.7624,201.84236,0.23983000000001198
those,201.84236,202.16216,0.07995999999999981
months,202.16216,202.66216,0.31979999999998654
would,202.8817,203.36139,0.719539999999995
be,203.36139,203.86139,0.47969000000000506
taken,204.64058,205.14058,1.2791899999999998
i,206.01407,206.0939,1.3734900000000039
guess,206.0939,206.33339,0.07982999999998697
more,206.33339,206.83339,0.23949000000001774
vacation,206.8922,207.05186,0.558809999999994
wise,207.21152,207.37119,0.3193200000000047
is,207.37119,207.53084,0.15967000000000553
just,207.53084,207.6905,0.15964999999999918
for,207.6905,207.77034,0.15965999999997393
a,207.77034,208.27034,0.07984000000001856
relaxation,208.40898,208.64847,0.6386400000000094
make,209.28711,209.44678,0.8781299999999987
sure,209.44678,209.68626,0.1596699999999771
i,209.84593,210.3249,0.3991500000000201
d,210.3249,210.64424,0.4789700000000039
stress,210.64424,211.14424,0.31933999999998264
for,211.6022,211.84169,0.9579600000000141
everything,211.84169,212.32068,0.23948999999998932
and,213.1988,213.51813,1.3571100000000058
i,213.6778,213.91728,0.478999999999985
i,214.07695,214.31644,0.3991500000000201
was,214.31644,214.81644,0.23948999999998932
thinking,214.87524,215.35423,0.5587999999999909
about,215.35423,215.59372,0.47899000000001024
sailing,215.59372,215.99287,0.23948999999998932
because,215.99287,216.39203,0.3991500000000201
because,216.39203,216.5517,0.39915999999999485
that,216.5517,216.71135,0.15967000000000553
was,216.71135,216.79118,0.15964999999999918
one,216.79118,216.87102,0.07982999999998697
of,216.87102,217.03067,0.07983999999999014
the,217.03067,217.19034,0.15964999999999918
things,217.19034,217.50966,0.15967000000000553
that,217.50966,217.82898,0.3193200000000047
i've,217.98865,218.22813,0.47899000000001024
always,218.22813,218.70712,0.23947999999998615
wanted,218.70712,219.02644,0.47899000000001024
to,219.02644,219.26593,0.3193200000000047
do,219.26593,219.42558,0.23948999999998932
and,220.3185,220.4781,1.052570000000003
then,220.4781,220.9781,0.15960000000001173
nine,221.0367,221.27611,0.5585999999999842
months,221.27611,221.4357,0.23940999999999235
of,221.4357,221.5155,0.15959000000000856
that,221.5155,221.7549,0.07980000000000587
will,221.7549,221.8347,0.23939999999998918
be,221.8347,221.9145,0.07980000000000587
at,221.9145,222.0741,0.07980000000000587
the,222.0741,222.1539,0.1595999999999833
institute,222.4731,222.6327,0.3990000000000009
as,222.6327,222.8721,0.15960000000001173
well,222.8721,223.03171,0.23939999999998918
so,223.6701,223.8297,0.7980000000000018
i'm,223.9893,224.3883,0.31919999999999504
not,224.3883,224.7075,0.3990000000000009
just,224.7075,224.78731,0.31920000000002346
you,224.8671,224.9469,0.1595999999999833
know,224.9469,225.1065,0.07980000000000587
taking,225.2661,225.5055,0.31919999999999504
a,225.5055,226.0055,0.2394000000000176
relaxation,226.1439,226.3035,0.6383999999999901
you,227.26111,227.3409,1.11721
know,227.3409,227.5005,0.07979000000000269
throughout,227.8197,227.9793,0.4788000000000068
the,227.9793,228.1389,0.1595999999999833
whole,228.1389,228.3783,0.15960000000001173
time,228.3783,228.6177,0.23939999999998918
off,228.6177,228.7773,0.2394000000000176
but,229.4157,229.7349,0.7979999999999734
a,229.7349,230.05411,0.31920000000002346
majority,230.05411,230.5329,0.3192099999999982
of,230.5329,230.6925,0.4787900000000036
it,230.6925,230.8521,0.1595999999999833
it,232.6077,232.8471,1.9151999999999987
is,232.8471,233.0865,0.2394000000000176
is,233.0865,233.5865,0.23939999999998918
not,233.6451,233.8047,0.5586000000000126
only,233.8047,234.2037,0.1595999999999833
that,234.2037,234.3633,0.3990000000000009
but,234.5229,234.9219,0.31919999999999504
also,234.9219,235.32089,0.3990000000000009
taking,235.815,236.05501,0.893100000000004
you,236.21501,236.29501,0.40001000000000886
know,236.29501,236.375,0.07999999999998408
time,236.535,236.695,0.23999000000000592
at,236.695,236.85501,0.1599999999999966
the,236.85501,236.93501,0.16000999999999976
institute,237.175,237.41501,0.3199900000000184
to,237.41501,237.49501,0.24000999999998385
be,237.49501,237.65501,0.0800000000000125
able,237.65501,237.895,0.1599999999999966
to,237.895,238.05501,0.23999000000000592
come,238.05501,238.21501,0.16000999999999976
up,238.21501,238.29501,0.1599999999999966
with,238.29501,238.375,0.07999999999998408
new,238.375,238.77501,0.07999000000000933
ideas,238.77501,239.01501,0.40001000000000886
and,239.895,239.975,1.1199900000000014
do,239.975,240.13501,0.07999999999998408
more,240.13501,240.29501,0.16000999999999976
work,240.29501,240.455,0.1599999999999966
for,240.455,240.535,0.15999000000002184
the,240.535,240.615,0.07999999999998408
university,240.615,241.115,0.0800000000000125
so,241.65501,241.975,1.0400099999999952
it's,241.975,242.13501,0.31998999999999
not,242.13501,242.375,0.16000999999999976
like,242.375,242.695,0.23999000000000592
everything,242.695,243.195,0.3199999999999932
is,243.255,243.755,0.5600000000000023
you,245.01501,245.095,1.760009999999994
know,245.095,245.255,0.07999000000000933
time,245.65501,245.895,0.5600100000000054
off,245.895,246.05501,0.23999000000000592
not,246.455,246.695,0.5600000000000023
doing,246.695,246.93501,0.23999999999998067
anything,246.93501,247.335,0.24001000000001227
just,247.335,247.57501,0.3999900000000025
relaxing,247.57501,247.735,0.24000999999998385
on,247.735,247.815,0.15999000000002184
the,247.815,247.975,0.07999999999998408
beach,247.975,248.13501,0.1599999999999966
but,248.29501,248.455,0.32000999999999635
also,248.455,248.85501,0.15999000000002184
helping,248.85501,249.35501,0.40000999999998044
stuff,249.98766,250.14703,1.1326500000000124
for,250.14703,250.22672,0.15936999999999557
the,250.22672,250.30641,0.07968999999999937
university,250.3861,250.86421,0.15937999999999874
and,251.66109,251.82047,1.2749900000000025
then,251.82047,252.13922,0.15937999999999874
so,252.13922,252.63922,0.3187499999999943
in,252.69704,252.8564,0.5578199999999924
terms,252.8564,253.09547,0.15936000000002082
of,253.09547,253.25484,0.23906999999999812
funding,253.25484,253.5736,0.15936999999999557
i,254.29079,254.37047,1.0359499999999855
was,254.37047,254.60953,0.07968000000002462
looking,254.60953,255.10953,0.23905999999999494
for,255.16734,255.66734,0.5578099999999893
at,256.52203,256.8408,1.3546899999999766
least,256.8408,257.07983,0.3187700000000291
three,257.07983,257.3189,0.23903000000001384
hundred,257.3189,257.63766,0.2390699999999697
seventy,257.63766,257.95642,0.3187599999999975
five,257.95642,258.19547,0.3187599999999975
thousand,258.99234,259.39078,1.0359200000000328
dollars,259.39078,259.70953,0.3984399999999937
and,260.42673,260.66577,1.035950000000014
that,260.66577,260.90485,0.2390399999999886
covers,260.90485,261.30328,0.2390800000000013
everything,261.30328,261.80328,0.3984299999999621
you,262.67233,262.8315,1.3690500000000156
know,262.8315,262.99066,0.15917000000001735
from,263.30902,263.78656,0.47751999999996997
the,263.78656,264.02533,0.47754000000003316
boat,264.02533,264.1845,0.23876999999998816
that,264.1845,264.3437,0.15917000000001735
i,264.42328,264.50284,0.2387799999999629
have,264.50284,264.58243,0.07956000000001495
to,264.58243,264.8212,0.07958999999999605
do,264.8212,264.98038,0.23876999999998816
the,265.29874,265.5375,0.47754000000003316
equipment,265.5375,265.85587,0.2387600000000134
that,265.85587,265.93542,0.31836999999995896
i,266.0946,266.25378,0.2387300000000323
have,266.25378,266.33337,0.1591799999999921
to,266.33337,266.49255,0.07958999999999605
do,266.49255,266.73132,0.1591799999999921
the,267.68637,267.92514,1.1938200000000165
living,267.92514,268.40268,0.23876999999998816
expenses,268.40268,268.64145,0.4775399999999763
the,268.80063,269.03937,0.3979500000000371
maintenance,269.03937,269.43732,0.23874000000000706
and,270.15363,270.3128,1.1142600000000016
then,270.3128,270.7903,0.1591699999999605
a,270.7903,271.26785,0.47750000000002046
return,271.26785,271.5862,0.4775500000000079
fund,271.5862,271.82498,0.31835000000000946
so,272.46167,272.70044,0.8754700000000071
i,272.85962,273.0188,0.39794999999998026
can,273.0188,273.25757,0.1591799999999921
come,273.25757,273.41675,0.23876999999998816
back,273.41675,273.89426,0.1591799999999921
after,273.89426,274.21262,0.4775099999999952
you,274.2922,274.4514,0.3979400000000055
know,274.4514,274.53098,0.15919999999999845
those,274.69016,274.92892,0.2387600000000134
twelve,274.92892,275.16766,0.2387600000000134
months,275.16766,275.40643,0.23874000000000706
and,276.37787,276.53738,1.210209999999961
be,276.53738,276.7766,0.1595100000000116
able,276.7766,277.17535,0.23921999999998889
to,277.17535,277.67535,0.3987500000000068
readjust,278.13235,278.5311,0.9569999999999936
to,278.5311,278.77032,0.3987500000000068
my,278.77032,278.92984,0.23922000000004573
living,278.92984,279.24884,0.15951999999998634
find,279.40833,279.64758,0.4784899999999652
you,279.72733,279.80707,0.3190000000000168
know,279.80707,279.96658,0.07974000000001524
a,280.2058,280.36533,0.3987300000000005
new,280.36533,280.5248,0.1595299999999611
house,280.5248,280.76407,0.15947000000005573
and,281.40204,281.6413,0.877239999999972
everything,281.6413,282.04004,0.23926000000000158
and,282.04004,282.19952,0.3987399999999752
to,282.19952,282.2793,0.1594800000000305
be,282.2793,282.51852,0.0797799999999711
able,282.51852,282.75778,0.23922000000004573
to,282.75778,282.997,0.23926000000000158
come,282.997,283.15652,0.23921999999998889
back,283.15652,283.39575,0.15951999999998634
to,283.39575,283.87427,0.23923000000002048
to,283.87427,284.1135,0.47852000000000317
university,284.1135,284.6135,0.23922999999996364
work,284.83124,284.99075,0.717739999999992
so,285.62872,285.94772,0.7974800000000073
that's,285.94772,286.44772,0.3190000000000168
everything,286.98447,287.48447,1.0367499999999836
that,287.5427,287.62244,0.5582300000000373
i,287.78195,287.8617,0.23924999999997
kind,287.8617,288.02118,0.07974999999999
of,288.02118,288.34018,0.1594800000000305
planned,288.34018,288.65918,0.31899999999996
out,288.65918,288.97818,0.3190000000000168
logistics,288.97818,289.45667,0.3190000000000168
wise,289.45667,289.77567,0.4784899999999652
that's,290.41367,290.73264,0.9570000000000505
kinda,290.73264,291.1314,0.3189699999999789
target,291.1314,291.585,0.3987599999999816
price,291.7047,291.94415,0.5733000000000175
and,291.94415,292.024,0.23944999999997663
i'm,292.1836,292.34323,0.23945000000003347
setting,292.34323,292.6625,0.15962999999999283
but,293.46063,293.62027,1.117399999999975
yeah,293.7799,293.9395,0.31927000000001726
i,294.3386,294.41843,0.5586999999999875
would,294.41843,294.65787,0.07983000000001539
love,294.65787,294.8175,0.23944000000000187
to,294.8175,295.05695,0.15962999999999283
hear,295.05695,295.21655,0.23944999999997663
your,295.21655,295.53583,0.15960000000001173
thoughts,295.53583,295.77527,0.319279999999992
on,295.77527,295.9349,0.23944000000000187
the,295.9349,296.4349,0.15963000000004968
price,304.4751,304.53,8.54019999999997
yes,339.37854,339.61792,34.90343999999999
yeah,379.78073,379.9406,40.40219000000002
yeah,380.26035,380.42023,0.47962000000001126
so,380.66003,381.16003,0.3996799999999894
in,381.6193,381.93903,0.9592700000000036
terms,381.93903,382.41864,0.31972999999999274
of,382.41864,382.65845,0.47960999999997966
i,382.81833,382.9782,0.399690000000021
guess,382.9782,383.05814,0.15987000000001217
funding,383.29794,383.79794,0.3197399999999675
breakdown,384.09732,384.33713,0.799380000000042
i,385.05655,385.21643,0.9592299999999909
i,385.29636,385.45624,0.2398099999999772
wanna,385.45624,385.95624,0.15987999999998692
you,386.17566,386.33554,0.7194200000000137
know,386.33554,386.49542,0.15987999999998692
set,387.14993,387.3098,0.8143900000000031
it,387.3098,387.4697,0.15987000000001217
out,387.4697,387.6296,0.15989999999999327
there,387.6296,387.9494,0.15989999999999327
already,387.9494,388.42908,0.3198000000000434
before,388.42908,388.82883,0.47967999999997346
we,388.82883,388.9887,0.3997499999999832
start,388.9887,389.14862,0.15987000000001217
anything,389.14862,389.6283,0.15991999999999962
i,390.18793,390.26788,1.0393100000000004
already,390.26788,390.58768,0.07994999999999663
sold,390.58768,391.06735,0.31979999999998654
my,391.06735,391.3072,0.4796699999999987
condo,391.3072,391.8072,0.23985000000004675
to,392.42645,392.58636,1.1192499999999654
make,392.58636,392.8262,0.15991000000002487
a,392.8262,393.06604,0.2398399999999583
hundred,393.06604,393.56604,0.23984000000001515
k,393.70563,394.02542,0.6395899999999983
down,394.02542,394.26526,0.3197900000000118
payment,394.26526,394.58505,0.23984000000001515
for,394.58505,394.74493,0.3197900000000118
my,394.74493,394.90485,0.15987999999998692
boat,394.90485,395.06473,0.15991999999999962
so,395.78427,395.86423,0.8794199999999819
i,395.94415,396.10406,0.15987999999998692
just,396.10406,396.184,0.15991000000002487
wanna,396.184,396.3439,0.07994000000002188
put,396.3439,396.50378,0.15989999999999327
that,396.50378,396.6637,0.15987999999998692
out,396.6637,396.82358,0.15991999999999962
there,396.82358,396.9835,0.15987999999998692
but,397.22333,397.72333,0.3997499999999832
including,398.98218,399.3819,1.7588500000000522
that,399.3819,399.7017,0.39971999999994523
a,399.7017,399.8616,0.3198000000000434
hundred,399.8616,400.10144,0.15989999999999327
thousand,400.10144,400.42123,0.23984000000001515
dollars,400.42123,400.74103,0.31978999999995494
for,400.74103,400.9009,0.3198000000000434
down,400.9009,401.2207,0.15986999999995533
payment,401.2207,401.46054,0.3198000000000434
for,401.46054,401.62045,0.2398399999999583
a,401.62045,401.8603,0.15991000000002487
boat,401.8603,402.02017,0.2398499999999899
i'm,402.9913,403.15045,1.1310000000000286
gonna,403.15045,403.4687,0.15914999999995416
need,403.4687,403.7074,0.31825000000003456
an,404.26434,404.74173,0.7956399999999917
additional,404.74173,405.13956,0.47739000000001397
hundred,405.13956,405.45782,0.397829999999999
fifty,405.45782,405.7761,0.3182600000000093
thousand,405.7761,406.17392,0.3182799999999588
to,406.17392,406.4126,0.39782000000002427
pay,406.4126,406.6513,0.238679999999988
off,406.6513,406.89,0.23869999999999436
the,406.89,407.04913,0.23869999999999436
boat,407.04913,407.28784,0.15913000000000466
and,408.0039,408.16306,0.9547699999999963
then,408.16306,408.4813,0.15915999999998576
if,408.4813,408.64044,0.31824000000000296
that,408.64044,408.87912,0.15914000000003625
doesn't,408.87912,409.1974,0.238679999999988
happen,409.1974,409.51566,0.31828000000001566
i'm,409.75436,409.91348,0.5569600000000037
gonna,409.91348,410.23175,0.15911999999997306
have,410.23175,410.39087,0.31826999999998407
to,410.39087,410.55,0.1591200000000299
lose,410.55,410.86826,0.15913000000000466
twenty,410.86826,411.18652,0.3182600000000093
percent,411.18652,411.26608,0.31825999999995247
of,411.26608,411.42523,0.07956000000001495
my,411.42523,411.58435,0.159150000000011
down,411.58435,411.82306,0.15911999999997306
payment,411.82306,412.06174,0.23871000000002596
which,412.77783,412.93695,0.9547699999999963
is,412.93695,413.0961,0.1591200000000299
something,413.0961,413.49393,0.15914999999995416
that's,413.49393,413.9713,0.397829999999999
that's,413.9713,414.21,0.4773700000000076
not,414.21,414.60782,0.23869999999999436
ideal,414.60782,414.84653,0.39782000000002427
so,415.41895,415.57834,0.8111299999999915
i,415.65805,415.73773,0.23910000000000764
just,415.73773,415.81744,0.0796799999999962
wanna,415.81744,416.05652,0.0797099999999773
put,416.05652,416.2159,0.2390800000000013
that,416.2159,416.3753,0.15937999999999874
out,416.3753,416.5347,0.1594000000000051
there,416.5347,416.6941,0.1594000000000051
but,417.1723,417.3317,0.6376000000000204
in,417.3317,417.41138,0.1594000000000051
terms,417.41138,417.4911,0.0796799999999962
of,417.4911,417.57077,0.0797200000000089
the,417.57077,417.65048,0.0796699999999646
funding,417.65048,418.12866,0.07971000000003414
breakdown,418.12866,418.28806,0.47818000000000893
is,418.28806,418.36774,0.15939999999994825
that,418.36774,418.52713,0.07968000000005304
a,418.52713,418.68652,0.1593899999999735
hundred,418.68652,418.92563,0.1593899999999735
k,418.92563,419.08502,0.23911000000003924
down,419.08502,419.3241,0.1593899999999735
payment,419.3241,419.8241,0.2390800000000013
for,420.04138,420.20078,0.7172800000000166
the,420.20078,420.36017,0.1594000000000051
bow,420.36017,420.59924,0.1593899999999735
in,420.59924,420.75864,0.23907000000002654
order,420.75864,420.99774,0.1594000000000051
to,420.99774,421.23685,0.23910000000000764
have,421.23685,421.39624,0.2391099999999824
this,421.39624,421.6353,0.1593899999999735
about,421.6353,422.1135,0.23905999999999494
happen,422.1135,422.43228,0.4782000000000153
an,423.22925,423.70743,1.1157499999999914
additional,423.70743,424.0262,0.47818000000000893
hundred,424.0262,424.26532,0.3187700000000291
fifty,424.26532,424.76532,0.23911999999995714
to,425.3014,425.4608,1.0360800000000268
pay,425.4608,425.62018,0.1594000000000051
off,425.62018,425.77957,0.15937999999999874
that,425.77957,425.93896,0.1593899999999735
boat,425.93896,426.09836,0.15939000000003034
and,426.41714,426.57654,0.47818000000000893
then,426.57654,426.8156,0.1594000000000051
everything,426.8156,427.2141,0.23905999999999494
else,427.2141,427.4532,0.3984999999999559
has,427.4532,427.61258,0.23910000000000764
been,427.61258,427.85168,0.15937999999999874
calculated,427.85168,428.35168,0.23910000000000764
at,428.40955,428.48926,0.5578700000000367
the,428.48926,428.72833,0.0797099999999773
minimum,428.72833,429.12683,0.23907000000002654
cost,429.12683,429.36594,0.3984999999999559
that,429.36594,429.44562,0.23911000000003924
i,429.52533,429.68472,0.1593899999999735
need,429.68472,429.84412,0.15939000000003034
so,430.3223,430.64108,0.6375799999999572
that's,430.64108,430.935,0.31878000000000384
fifty,431.13474,431.37442,0.49366000000003396
thousand,431.37442,431.7739,0.23967999999996437
dollars,431.7739,432.25327,0.3994800000000396
for,432.25327,432.49295,0.47936999999996033
just,432.49295,432.73264,0.2396800000000212
you,432.81253,432.89243,0.31957999999997355
know,432.89243,433.05222,0.07990000000000919
equipment,433.5316,434.01096,0.6391700000000355
that's,434.01096,434.41043,0.4793599999999856
needed,434.41043,434.8099,0.399470000000008
for,434.8099,434.8898,0.399470000000008
the,434.8898,435.0496,0.07989999999995234
boat,435.0496,435.20935,0.15980000000001837
you,435.9284,436.0083,0.8788000000000125
know,436.0083,436.0882,0.07990000000000919
safety,436.248,436.72736,0.23969999999997071
equipment,436.72736,436.96704,0.4793599999999856
everything,437.20673,437.70673,0.47937000000001717
that's,437.766,438.00568,0.5592700000000264
just,438.00568,438.16547,0.23967999999996437
you,438.32526,438.40515,0.3195800000000304
know,438.40515,438.48505,0.07988999999997759
baseline,438.72473,439.2041,0.3195800000000304
and,440.00305,440.16284,1.278319999999951
then,440.16284,440.66284,0.15979000000004362
thirty,440.8819,441.12158,0.7190599999999563
five,441.12158,441.36127,0.2396800000000212
thousand,441.36127,441.76074,0.23968999999999596
dollars,441.76074,442.2401,0.399470000000008
is,442.2401,442.5597,0.4793599999999856
going,442.5597,442.79938,0.31960000000003674
to,442.79938,442.95917,0.23967999999996437
be,442.95917,443.19885,0.15978999999998678
the,443.19885,443.43854,0.2396800000000212
base,443.43854,443.838,0.23968999999999596
amount,443.838,444.07767,0.39946000000003323
for,444.07767,444.23746,0.2396699999999896
living,444.23746,444.55704,0.15978999999998678
expenses,444.55704,444.9565,0.31957999999997355
that,444.9565,445.0364,0.39946000000003323
i've,445.1962,445.356,0.23969999999997071
calculated,445.356,445.83536,0.15980000000001837
that,446.3293,446.56848,0.9732999999999947
just,446.56848,446.9671,0.23918000000003303
includes,446.9671,447.286,0.398619999999994
you,447.36572,447.44543,0.398619999999994
know,447.44543,447.6049,0.0797099999999773
food,447.9238,448.24268,0.4783700000000408
basic,448.48184,448.88046,0.5580399999999486
clothing,448.88046,449.38046,0.3986200000000508
insurance,449.9966,450.3155,1.116139999999973
just,450.3155,450.47495,0.3188999999999851
in,450.47495,450.6344,0.15944999999999254
case,450.6344,450.87357,0.15945000000004939
anything,450.87357,451.2722,0.2391699999999446
happens,451.2722,451.6708,0.3986300000000256
and,452.6275,452.78693,1.3552999999999997
then,452.78693,453.10583,0.1594299999999862
just,453.10583,453.60583,0.3189000000000419
minimum,453.90308,454.22195,0.7972499999999627
i,454.46115,454.54086,0.5580699999999865
think,454.54086,454.70032,0.07971000000003414
twenty,454.70032,454.93948,0.1594599999999673
five,454.93948,455.17865,0.23916000000002668
thousand,455.17865,455.49756,0.23917000000000144
dollars,455.49756,455.73672,0.3189100000000167
for,455.73672,455.9759,0.23915999999996984
maintenance,455.9759,456.3745,0.23918000000003303
you,457.092,457.17175,1.1160999999999603
know,457.17175,457.25146,0.07974999999999
for,457.41092,457.49063,0.23917000000000144
the,457.49063,457.57037,0.07971000000003414
boat,457.57037,457.80954,0.07974000000001524
and,457.80954,457.969,0.23917000000000144
everything,457.969,458.28787,0.1594599999999673
to,458.28787,458.44733,0.318870000000004
keep,458.44733,458.84595,0.15946000000002414
operating,458.84595,459.16483,0.398619999999994
and,459.16483,459.32428,0.31887999999997874
stuff,459.32428,459.48373,0.15944999999999254
so,459.48373,459.56345,0.15944999999999254
i'm,459.6432,459.80264,0.1594699999999989
able,459.80264,460.0418,0.1594400000000178
to,460.0418,460.5418,0.23916000000002668
be,460.69485,460.85464,0.6530499999999506
able,460.85464,461.17422,0.15979000000004362
to,461.17422,461.49384,0.31957999999997355
continue,461.49384,461.99384,0.31961999999998625
amongst,462.0531,462.2928,0.5592599999999948
i,463.09174,463.17163,1.0386400000000435
guess,463.17163,463.25153,0.07988999999997759
my,463.41135,463.57114,0.2397200000000339
plans,463.57114,463.81082,0.15978999999998678
and,464.68967,464.84946,1.1185299999999643
so,464.84946,465.34946,0.15979000000004362
the,465.64844,466.0479,0.7989799999999718
additional,466.0479,466.2876,0.39946000000003323
i,466.52728,466.60718,0.4793799999999919
guess,466.60718,466.68707,0.07990000000000919
amount,466.9268,467.08658,0.31961999999998625
that,467.08658,467.16647,0.15978000000001202
i'm,467.24637,467.40616,0.15978999999998678
looking,467.40616,467.64584,0.15978999999998678
for,467.64584,468.04532,0.2396800000000212
would,468.285,468.5247,0.639160000000004
just,468.5247,468.6845,0.23969999999997071
be,468.6845,469.1845,0.15980000000001837
around,469.40356,469.48346,0.7190600000000131
like,469.56335,469.64325,0.15978999999998678
ninety,469.80304,470.04272,0.23968999999999596
five,470.04272,470.2824,0.23967999999996437
thousand,470.2824,470.60202,0.2396800000000212
dollars,470.60202,470.8417,0.31961999999998625
for,470.8417,471.1613,0.2396800000000212
return,471.1613,471.48087,0.3195999999999799
fund,471.48087,471.72055,0.3195699999999988
and,472.919,473.1587,1.438130000000001
and,473.1587,473.31848,0.23970000000002756
that's,473.31848,473.55817,0.15978000000001202
you,473.63806,473.71796,0.31957999999997355
know,473.71796,473.87775,0.07990000000000919
just,474.03754,474.27725,0.31957999999997355
to,474.27725,474.59683,0.2397100000000023
restart,474.59683,474.83652,0.3195800000000304
my,474.83652,474.9963,0.23968999999999596
life,474.9963,475.39578,0.15978000000001202
after,475.39578,475.71536,0.39947999999998274
the,476.28958,476.44937,0.8937999999999988
twelve,476.44937,476.60913,0.15978999999998678
months,476.60913,476.689,0.15976000000000568
that,476.689,476.7689,0.07987000000002809
i,476.92865,477.00854,0.23964999999998327
take,477.00854,477.1683,0.07988999999997759
for,477.1683,477.40793,0.15976000000000568
sailing,477.40793,477.64758,0.23963000000003376
and,478.36652,478.60617,0.9585899999999583
that,478.60617,478.9257,0.2396500000000401
includes,478.9257,479.00558,0.3195299999999861
you,479.08545,479.16534,0.15974999999997408
know,479.16534,479.2452,0.07989000000003443
finding,479.40497,479.56476,0.23962999999997692
a,479.56476,479.80438,0.15978999999998678
place,479.80438,479.96414,0.23962000000000216
to,479.96414,480.1239,0.15976000000000568
live,480.1239,480.6239,0.15976000000000568
buying,480.76297,480.92273,0.6390700000000038
a,480.92273,481.0825,0.15976000000000568
car,481.0825,481.32214,0.15976999999998043
so,481.32214,481.402,0.2396400000000085
i'm,481.4819,481.64166,0.15976000000000568
able,481.64166,481.80142,0.15976000000000568
to,481.80142,482.04108,0.15976000000000568
commute,482.04108,482.52036,0.23966000000001486
to,482.52036,482.76,0.4792799999999602
work,482.76,482.99966,0.2396400000000085
and,483.7186,483.95822,0.9585999999999899
having,483.95822,484.45822,0.23962000000000216
the,484.5973,484.83694,0.6390800000000354
leverage,484.83694,485.23633,0.2396400000000085
being,485.23633,485.47598,0.3993899999999826
able,485.47598,485.7955,0.23964999999998327
to,485.7955,486.03516,0.31952000000001135
come,486.03516,486.19492,0.23966000000001486
back,486.19492,486.59433,0.15976000000000568
to,486.59433,486.7541,0.39940999999998894
work,486.7541,486.99374,0.15976999999998043
and,487.63278,487.79254,0.8786800000000312
be,487.79254,488.0322,0.15975999999994883
able,488.0322,488.3517,0.23966000000001486
to,488.3517,488.59137,0.319500000000005
you,488.75113,488.9109,0.3994299999999953
know,488.9109,489.07065,0.15977000000003727
leave,490.04498,490.365,1.134079999999983
time,490.365,490.525,0.3200199999999995
off,490.525,490.76498,0.15999999999996817
and,490.76498,490.845,0.23998000000000275
then,490.845,491.085,0.08002000000004728
come,491.085,491.165,0.23999999999995225
back,491.165,491.405,0.08000000000004093
to,491.405,491.485,0.23999999999995225
be,491.485,491.565,0.08000000000004093
able,491.565,491.88498,0.07999999999998408
to,491.88498,492.38498,0.31997999999998683
go,493.005,493.405,1.120020000000011
and,493.405,493.565,0.39999999999997726
do,493.565,493.725,0.160000000000025
my,493.725,494.04498,0.160000000000025
research,494.04498,494.205,0.31997999999998683
and,494.205,494.365,0.16001999999997452
everything,494.365,494.845,0.160000000000025
so,495.485,495.985,1.1200000000000045
that,496.04498,496.365,0.5599799999999959
is,496.365,496.60498,0.3200199999999995
the,496.60498,496.76498,0.23998000000000275
minimum,496.76498,497.165,0.15999999999996817
cost,497.165,497.405,0.40002000000004045
that,497.405,497.485,0.23999999999995225
i've,497.645,497.805,0.2400000000000091
kind,497.805,497.965,0.160000000000025
of,497.965,498.125,0.15999999999996817
allocated,498.125,498.625,0.160000000000025
towards,498.685,499.085,0.5600000000000023
all,499.085,499.32498,0.39999999999997726
the,499.32498,499.485,0.23998000000000275
different,499.485,499.805,0.16002000000003136
segments,499.805,500.125,0.3199999999999932
and,501.005,501.505,1.1999999999999886
if,502.22,502.46002,1.2150000000000318
you,502.46002,502.7,0.2400199999999586
have,502.7,502.94,0.23998000000000275
you,503.1,503.18002,0.4000000000000341
know,503.18002,503.26,0.08001999999999043
any,503.42,503.66,0.23998000000000275
thoughts,503.66,503.9,0.2400000000000091
on,503.9,504.06,0.23999999999995225
that,504.06,504.22,0.160000000000025
love,504.62,504.78,0.5600000000000023
to,504.78,505.02002,0.15999999999996817
hear,505.02002,505.26,0.24002000000001544
but,505.66,505.9,0.6399800000000369
that's,505.9,506.06,0.23999999999995225
kind,506.06,506.14,0.160000000000025
of,506.14,506.54,0.07999999999998408
the,506.54,506.7,0.4000000000000341
baseline,506.7,507.1,0.15999999999996817
that,507.1,507.26,0.4000000000000341
are,507.26,507.42,0.15999999999996817
calculated,507.42,507.92,0.160000000000025
that,508.06,508.38,0.6399999999999864
is,508.7,509.1,0.6399999999999864
required,509.1,509.42,0.4000000000000341
for,509.42,509.58002,0.3199999999999932
this,509.58002,509.82,0.16001999999997452
eval,509.82,510.22,0.23998000000000275
yeah,527.647,527.8865,17.827000000000055
yeah,529.73926,529.8991,2.0922599999998965
sounds,530.21893,530.5387,0.47967000000005555
good,530.5387,530.77856,0.3197699999999486
and,531.578,531.65796,1.0393000000000256
then,531.65796,531.89777,0.07996000000002823
i,532.0577,532.13763,0.3997399999999516
just,532.13763,532.2975,0.07992999999999029
i,532.37744,532.4574,0.23981000000003405
just,532.4574,532.53735,0.07996000000002823
wanna,532.53735,532.77716,0.07994999999993979
put,532.77716,532.8571,0.23981000000003405
it,532.8571,532.9371,0.07993999999996504
out,532.9371,533.097,0.08000000000004093
there,533.097,533.25684,0.15989999999999327
as,533.25684,533.4967,0.15984000000003107
well,533.4967,533.6566,0.2398600000000215
i,534.7758,535.2555,1.2790999999999713
know,535.2555,535.73517,0.4796999999999798
that,535.73517,535.8151,0.47967000000005555
a,535.8151,536.055,0.07992999999999029
colleague,536.055,536.37476,0.2398999999999205
of,536.37476,536.53467,0.31976000000008753
mine,536.53467,536.9344,0.15990999999996802
has,536.9344,537.25415,0.3997299999999768
also,537.25415,537.574,0.3197499999999991
you,537.7338,537.8138,0.47964999999999236
know,537.8138,537.9737,0.08000000000004093
asked,538.13354,538.29346,0.31974000000002434
for,538.29346,538.45337,0.15991999999994277
sa,538.5333,538.6132,0.239840000000072
about,538.6132,539.013,0.07989999999995234
and,539.7325,540.05225,1.1192999999999529
the,540.05225,540.21216,0.3197499999999991
way,540.21216,540.452,0.1599100000000817
that,540.452,540.69183,0.2398399999999583
he,540.69183,540.9317,0.23982999999998356
funded,540.9317,541.3314,0.23986999999999625
it,541.3314,541.8111,0.39970000000005257
was,542.0509,542.4506,0.7194999999999254
by,542.4506,542.8504,0.39970000000005257
selling,542.8504,543.2501,0.39980000000002747
his,543.9047,544.1446,1.054300000000012
share,544.1446,544.5443,0.2398999999999205
of,544.5443,544.7842,0.39970000000005257
you,544.86414,544.9441,0.31983999999999924
know,544.9441,545.10394,0.07996000000002823
his,545.26385,545.42377,0.3197499999999991
patent,545.42377,545.90344,0.15991999999994277
portfolio,545.90344,546.22327,0.47967000000005555
i,546.543,546.623,0.6395599999999604
mean,546.623,546.7829,0.08000000000004093
i,546.9428,547.0227,0.31979999999998654
think,547.0227,547.50244,0.07989999999995234
he,547.50244,547.74225,0.4797399999999925
did,547.74225,547.8222,0.23981000000003405
it,547.8222,548.0621,0.07994999999993979
for,548.0621,548.3019,0.2399000000000342
a,548.6217,548.8616,0.5596000000000458
private,548.8616,549.2613,0.2398999999999205
company,549.2613,549.58105,0.39970000000005257
as,549.58105,549.661,0.3197499999999991
well,549.661,549.8209,0.07994999999993979
as,549.8209,549.98083,0.15990000000010696
third,549.98083,550.48083,0.15992999999991753
party,550.6204,550.9402,0.6395700000000488
company,550.9402,551.4402,0.31979999999998654
as,551.4998,551.7397,0.5596000000000458
well,551.7397,551.97955,0.2398999999999205
for,551.97955,552.2993,0.23985000000004675
around,552.2993,552.3793,0.3197499999999991
like,552.4592,552.5392,0.15989999999999327
four,552.77905,552.9389,0.319849999999974
hundred,552.9389,553.3387,0.15985000000000582
k,553.3387,553.49854,0.39980000000002747
and,554.29803,554.378,0.9593300000000227
i,554.5379,554.61786,0.23986999999999625
think,554.61786,554.7777,0.07995999999991454
his,554.7777,555.2777,0.15984000000003107
patents,555.49725,555.99725,0.7195500000000266
didn't,556.6965,557.1762,1.1992500000000064
have,557.1762,557.33606,0.4796999999999798
as,557.33606,557.5759,0.15985999999998057
much,557.5759,557.73584,0.239840000000072
i,558.0556,558.2155,0.4796999999999798
think,558.2155,558.4554,0.15989999999999327
substance,559.58856,560.0674,1.3730600000000095
to,560.0674,560.227,0.47883999999999105
it,560.227,560.3866,0.1595999999999549
as,560.3866,560.8866,0.15960000000006858
some,561.6636,561.8232,1.27699999999993
of,561.8232,561.90295,0.15960000000006858
the,561.90295,562.06256,0.07974999999999
patents,562.06256,562.2222,0.15960999999992964
that,562.2222,562.302,0.15964000000008127
i,562.38184,562.4616,0.15963999999996759
have,562.4616,562.6212,0.07975999999996475
right,562.6212,562.7809,0.15960000000006858
now,562.7809,563.02026,0.1596999999999298
for,563.02026,563.2597,0.23936000000003332
towards,563.2597,563.33954,0.23943999999994503
the,563.33954,563.49915,0.07984000000010383
university,563.49915,563.8982,0.15960999999992964
so,564.1376,564.5366,0.6384500000000344
just,564.5366,564.6962,0.3990000000000009
wanted,564.6962,564.93567,0.1595999999999549
to,564.93567,565.01544,0.23946999999998297
put,565.01544,565.1751,0.07977000000005319
that,565.1751,565.3347,0.15966000000003078
out,565.3347,565.4943,0.1595999999999549
there,565.4943,565.65393,0.1595999999999549
that's,565.8934,566.13275,0.3991000000000895
also,566.13275,566.3722,0.23934999999994488
something,566.3722,566.61163,0.23945000000003347
that,566.61163,566.6914,0.23942999999997028
i'm,566.77124,567.27124,0.15961000000004333
considering,567.4895,567.9684,0.7182599999999866
through,568.20776,568.4472,0.7182599999999866
private,568.4472,568.84625,0.23943999999994503
companies,568.84625,569.34625,0.39905000000010205
that,569.96356,570.12317,1.117309999999975
i,570.20294,570.3626,0.23937999999998283
think,570.3626,570.602,0.15966000000003078
can,570.602,570.7616,0.23939999999993233
offer,570.7616,571.2616,0.15960000000006858
around,571.895,572.215,1.1333999999999378
four,572.215,572.455,0.32000000000005
hundred,572.455,572.695,0.2400000000000091
thousand,572.695,572.935,0.2400000000000091
dollars,572.935,573.255,0.2399999999998954
and,573.255,573.41504,0.32000000000005
a,573.41504,573.495,0.16003999999998086
little,573.495,573.655,0.07996000000002823
bit,573.655,573.895,0.15999999999996817
more,573.895,574.395,0.2400000000000091
perhaps,574.455,574.695,0.5600000000000591
so,589.79407,590.19183,15.339069999999992
i,590.27136,590.4305,0.4772899999999254
know,590.4305,590.8282,0.1591400000000931
he,590.8282,591.3282,0.3976999999999862
funded,591.8623,592.2601,1.0340999999999667
his,592.2601,592.4987,0.3977999999999611
about,592.4987,592.9987,0.23860000000001946
by,593.851,594.08966,1.3523000000000138
selling,594.08966,594.58966,0.23865999999998166
his,594.64655,595.14655,0.5568900000000667
share,596.3325,596.49176,1.6859499999999343
of,596.49176,596.651,0.1592600000000175
his,596.651,596.8103,0.1592399999999543
patent,596.8103,597.2084,0.1593000000000302
portfolio,597.2084,597.7084,0.39809999999999945
to,597.84534,598.0046,0.6369399999999814
a,598.0046,598.24347,0.1592600000000175
third,598.24347,598.4823,0.2388700000000199
party,598.4823,598.80084,0.2388300000000072
company,598.80084,599.0397,0.3185399999999845
for,599.0397,599.27856,0.23886000000004515
around,599.27856,599.5174,0.23885999999993146
four,599.5174,599.7563,0.23883999999998196
hundred,599.7563,599.9951,0.23890000000005784
thousand,599.9951,600.3136,0.23879999999996926
dollars,600.3136,600.5525,0.3184999999999718
and,601.6672,601.90607,1.3536000000000286
so,601.90607,602.40607,0.2388700000000199
and,602.6227,602.8615,0.7166300000000092
so,602.8615,603.3615,0.23879999999996926
i,604.3743,604.6132,1.5127999999999702
believe,604.6132,604.85205,0.23890000000005784
and,604.85205,605.0113,0.2388499999999567
i,605.09094,605.2502,0.2388900000000831
and,605.2502,605.3298,0.1592599999999038
i,605.489,605.56866,0.23880000000008295
think,605.56866,605.88715,0.07965999999998985
it,605.88715,606.126,0.31848999999999705
i,606.2056,606.36487,0.31844999999998436
maybe,607.00183,607.2407,0.7962300000000369
it's,607.2407,607.47955,0.2388699999999062
common,607.47955,607.9573,0.2388500000000704
consensus,607.9573,608.43506,0.47775000000001455
that,608.43506,608.93506,0.4777599999999893
some,609.31085,609.4701,0.8757899999999381
of,609.4701,609.62933,0.15925000000004275
the,609.62933,610.12933,0.15922999999997955
patents,611.15735,611.65735,1.5280199999999695
that,611.7149,611.8742,0.557549999999992
are,611.8742,611.95386,0.1593000000000302
a,611.95386,612.0335,0.07965999999998985
part,612.0335,612.1928,0.07964000000004035
of,612.1928,612.3521,0.1593000000000302
you,612.43176,612.5114,0.23896000000002005
know,612.5114,612.59106,0.07963999999992666
my,612.83,612.9893,0.3186000000000604
portfolio,612.9893,613.3876,0.1592999999999165
contributed,613.3876,613.5469,0.39830000000006294
to,613.5469,613.7062,0.1593000000000302
university,613.8655,614.3434,0.3185999999999467
might,614.9806,615.1399,1.115099999999984
be,615.1399,615.37885,0.1593000000000302
slightly,615.37885,615.69745,0.2389500000000453
valued,615.69745,616.0957,0.3185999999999467
more,616.0957,616.25494,0.3982499999999618
so,616.9718,617.1311,0.8761000000000649
i,617.2904,617.37006,0.3185999999999467
i,617.52936,617.609,0.23896000000002005
think,617.609,618.109,0.07964000000004035
i'm,618.32587,618.8038,0.7168699999999717
considering,618.8038,619.3038,0.47793000000001484
potentially,619.5206,619.7596,0.7167999999999211
getting,619.7596,619.99854,0.23900000000003274
a,619.99854,620.0782,0.23894000000007054
little,620.0782,620.2375,0.07965999999998985
bit,620.2375,620.47644,0.1592999999999165
more,620.47644,620.63574,0.23894000000007054
than,620.63574,620.79504,0.1593000000000302
four,620.79504,620.8747,0.1592999999999165
hundred,620.8747,621.11365,0.07965999999998985
k,621.11365,621.1933,0.2389500000000453
maybe,621.43225,621.93225,0.3185999999999467
four,622.388,622.7066,0.95575000000008
hundred,622.7066,623.10486,0.3185999999999467
twenty,623.10486,623.5031,0.39826000000005024
five,623.5031,623.981,0.39823999999998705
somewhere,623.981,624.3793,0.4778999999999769
around,624.3793,624.6182,0.39829999999994925
there,624.6182,624.8572,0.23890000000005784
through,625.41473,625.4944,0.7965299999999615
our,625.4944,625.73334,0.07967000000007829
third,625.73334,625.9723,0.23893999999995685
party,625.9723,626.21124,0.23896000000002005
i,627.1021,627.18176,1.129799999999932
think,627.18176,627.34094,0.07966000000010354
that's,627.34094,627.5002,0.1591799999999921
a,627.5002,627.739,0.1592599999999038
pretty,627.739,627.9779,0.23880000000008295
reasonable,627.9779,628.45557,0.23889999999994416
amount,628.45557,628.6148,0.47766999999998916
given,629.33136,629.64984,0.8757900000000518
i,629.809,629.96826,0.4776399999999512
guess,629.96826,630.0479,0.1592600000000175
my,630.2071,630.36633,0.23883999999998196
colleagues,630.36633,630.86633,0.15922999999997955
funding,633.1529,633.55096,2.786570000000097
through,633.55096,633.7102,0.39805999999998676
a,633.7102,633.7898,0.1592399999999543
third,633.7898,634.0287,0.07960000000002765
party,634.0287,634.2675,0.23889999999994416
company,634.2675,634.42676,0.23880000000008295
so,634.58594,634.7452,0.3184400000000096
i,634.8248,634.9044,0.23885999999993146
just,634.9044,635.06366,0.07960000000002765
wanted,635.06366,635.2229,0.1592600000000175
to,635.2229,635.3025,0.1592399999999543
put,635.3025,635.46173,0.07960000000002765
that,635.46173,635.621,0.15922999999997955
out,635.621,635.7802,0.15926999999999225
there,635.7802,635.8598,0.1592000000000553
as,635.8598,636.09863,0.07959999999991396
well,636.09863,636.2579,0.2388300000000072
okay,647.29004,647.45,11.191410000000019
okay,649.45,649.53,2.159960000000069
sounds,649.69,649.93,0.2400000000000091
good,649.93,650.09,0.2399999999998954
sure,694.135,694.295,44.20500000000004
yeah,753.83154,753.99066,59.69654000000003
yeah,754.2294,754.30896,0.39786000000003696
no,754.6272,754.7068,0.3977999999999611
thanks,755.025,755.50244,0.3977999999999611
thanks,755.50244,755.8207,0.4774400000000014
for,755.8207,756.3207,0.3182600000000093
laying,756.85504,757.09375,1.034340000000043
that,757.09375,757.3324,0.2387099999999691
all,757.3324,757.5711,0.2386500000000069
out,757.5711,757.7302,0.23869999999999436
i,758.44635,758.60547,0.8752500000000509
guess,758.60547,758.8442,0.15911999999991622
first,759.48065,759.71936,0.8751800000000003
thing,759.71936,759.8785,0.2387100000000828
that,759.8785,760.03766,0.1591399999999794
i,760.1968,760.2763,0.318300000000022
wanted,760.2763,760.7763,0.07949999999993906
to,760.91284,761.15155,0.6365399999999681
start,761.15155,761.5494,0.2387100000000828
to,761.5494,761.7881,0.3978499999999485
i,762.66327,762.82245,1.11387000000002
i,762.902,763.0611,0.2387300000000323
guess,763.0611,763.2203,0.1590999999999667
i,764.33417,764.83417,1.2730699999999615
i,765.30444,765.464,0.9702700000000277
i,765.54376,765.7033,0.23932000000002063
think,765.7033,765.9427,0.1595399999999927
the,765.9427,766.34155,0.23939999999993233
a,766.34155,766.58093,0.39885000000003856
hun,766.58093,766.6607,0.23937999999998283
you,766.82025,766.9798,0.23932000000002063
said,766.9798,767.2192,0.15954999999996744
a,767.2192,767.3787,0.23940000000004602
hundred,767.3787,767.53827,0.15949999999998
and,767.53827,767.7776,0.15957000000003063
five,767.7776,768.2776,0.23932999999999538
thousand,768.33606,768.735,0.5584599999999682
dollars,768.735,769.2137,0.3989400000000387
right,769.2137,769.5328,0.47870000000000346
for,769.5328,770.0328,0.3190999999999349
total,770.2508,770.4902,0.7180000000000746
sa,770.4902,770.6497,0.23939999999993233
somatic,770.6497,771.1497,0.15950000000009368
calculation,771.84644,772.08575,1.196739999999977
yeah,775.35675,775.4365,3.510310000000004
sorry,775.67584,775.7556,0.3190899999999601
sorry,775.995,776.07477,0.31916000000001077
for,776.2343,776.39386,0.23929999999995744
living,776.39386,776.713,0.15956000000005588
for,776.713,776.95233,0.3191399999999476
living,776.95233,777.1119,0.23932999999999538
sorry,777.2715,777.5108,0.3191699999999855
a,780.5559,780.7152,3.284400000000005
hundred,780.7152,780.9541,0.1593000000000302
fifty,780.9541,781.19305,0.23890000000005784
five,781.19305,781.35236,0.2389499999999316
okay,781.8302,781.90985,0.6371500000000196
yeah,782.62665,782.86554,0.7964500000000498
i'm,784.3788,784.538,1.752149999999915
gonna,784.538,784.777,0.1592000000000553
be,784.777,784.8566,0.23900000000003274
honest,784.8566,785.0955,0.07959999999991396
i,785.3345,785.4938,0.4779000000000906
i,785.5734,785.73267,0.23889999999994416
think,785.73267,786.0513,0.15926999999999225
that's,786.0513,786.5513,0.31862999999998465
extremely,787.4052,787.9052,1.353900000000067
low,788.44055,788.94055,1.035349999999994
considering,788.99805,789.49805,0.5575000000000045
everything,790.27234,790.77234,1.2742899999999509
that,790.98914,791.3873,0.7168000000000347
i've,791.54663,792.0245,0.5574900000000298
kind,792.0245,792.1838,0.47786999999993895
of,792.1838,792.6838,0.1593000000000302
calculated,794.03284,794.53284,1.8490399999999454
for,795.7093,795.86896,1.67646000000002
the,795.86896,796.0286,0.15966000000003078
basis,796.0286,796.5286,0.15963999999996759
for,797.2261,797.7261,1.197499999999991
for,798.02435,798.184,0.7982500000000528
my,798.184,798.4235,0.15964999999994234
sa,798.4235,798.50336,0.23950000000002092
severity,798.50336,798.9025,0.07986000000005333
trip,798.9025,799.0622,0.3991399999999885
and,800.1798,800.6798,1.2772999999999683
i've,801.85626,802.2554,1.67646000000002
i've,802.41504,802.65454,0.5587799999999561
also,802.65454,803.13354,0.23950000000002092
i,804.1713,804.331,1.5167599999999766
guess,804.331,804.5705,0.15970000000004347
considered,805.2091,805.52844,0.8781000000000176
the,805.52844,805.6083,0.31934000000001106
sa,805.6083,805.76794,0.07985999999993965
article,805.76794,806.1671,0.15963999999996759
more,806.1671,806.4864,0.3991600000000517
as,806.4864,806.9864,0.31929999999999836
a,808.4924,808.8901,2.005999999999972
break,808.8901,809.3901,0.3976999999999862
for,809.5264,810.00366,0.6363000000000056
work,810.00366,810.50366,0.47726000000000113
to,810.63995,811.1172,0.6362900000000309
be,811.1172,811.35583,0.4772500000000264
able,811.35583,811.5944,0.23862999999994372
to,811.5944,811.75354,0.23856999999998152
come,811.75354,811.9126,0.1591400000000931
back,811.9126,812.07166,0.15905999999995402
to,812.07166,812.2308,0.15905999999995402
work,812.2308,812.38983,0.1591400000000931
fully,813.0261,813.50336,0.7952999999999975
recharging,813.50336,813.6625,0.47726000000000113
and,813.6625,813.82153,0.1591399999999794
be,813.82153,813.90106,0.15903000000002976
able,813.90106,814.1397,0.07952999999997701
to,814.1397,814.29877,0.23863999999991847
it'll,814.4578,814.6965,0.3181000000000722
put,814.6965,814.8555,0.23869999999999436
my,814.8555,815.01465,0.15899999999999181
best,815.01465,815.1737,0.15914999999995416
for,815.1737,815.33276,0.15905000000009295
for,815.33276,815.4919,0.15905999999995402
to,815.4919,815.5714,0.1591399999999794
again,815.73047,815.8896,0.23856999999998152
and,816.5259,816.84406,0.7954300000000103
go,816.84406,817.08264,0.3181600000000344
you,817.24176,817.3213,0.3976999999999862
know,817.3213,817.48035,0.07953999999995176
full,817.7985,818.27576,0.4772000000000389
full,818.27576,818.4348,0.47726000000000113
steam,818.4348,818.753,0.1590400000000045
ahead,818.753,818.91205,0.3182000000000471
for,819.8817,820.1204,1.1286999999999807
everything,820.1204,820.51825,0.23869999999999436
so,820.67737,820.8365,0.5569699999999784
i,821.0752,821.1548,0.397829999999999
i,821.2343,821.39343,0.1590999999999667
think,821.39343,821.89343,0.15913000000000466
in,822.02997,822.2687,0.6365400000000818
terms,822.2687,822.74603,0.23872999999991862
of,822.74603,823.24603,0.47733000000005177
calculating,823.7804,824.2804,1.0343699999999671
or,825.4513,825.69,1.6708999999999605
or,825.69,825.8491,0.23870000000010805
or,825.8491,826.00824,0.1590999999999667
taking,826.00824,826.40607,0.1591399999999794
account,826.40607,826.4856,0.397829999999999
the,826.4856,826.7243,0.07952999999997701
about,826.7243,827.2243,0.23869999999999436
completely,827.4404,827.9404,0.7160999999999831
independent,827.9974,828.4974,0.5570000000000164
for,828.793,828.95215,0.7956000000000358
everything,828.95215,829.45215,0.15914999999995416
is,829.5887,829.6682,0.6365500000000566
a,829.6682,829.9069,0.07949999999993906
little,829.9069,830.30475,0.23869999999999436
bit,830.30475,830.54346,0.3978500000000622
i'm,832.3098,832.5496,2.005049999999983
stretched,832.5496,832.6296,0.2398000000000593
but,832.7894,833.1092,0.2397999999999456
yeah,833.2691,833.42896,0.4796999999999798
i,833.90857,834.0685,0.6394700000000739
guess,834.0685,834.22833,0.15992999999991753
i,835.74713,835.90704,1.6786299999999983
i,836.0669,836.2268,0.3197700000000623
would,836.2268,836.4666,0.15989999999999327
i,836.62646,836.7064,0.3996599999999262
would,836.7064,837.2064,0.07994000000007873
love,837.266,837.5058,0.5595999999999322
to,837.5058,837.7456,0.2398000000000593
maybe,837.7456,838.2456,0.2397999999999456
see,838.3052,838.62494,0.5596000000000458
if,838.62494,838.7848,0.31974000000002434
we,838.7848,838.9447,0.15985999999998057
can,838.9447,839.1845,0.15989999999999327
come,839.1845,839.4243,0.2397999999999456
up,839.4243,839.58417,0.2398000000000593
with,839.58417,839.824,0.15986999999995533
that,839.824,840.0638,0.23982999999998356
number,840.0638,840.4635,0.2398000000000593
and,841.58264,842.08264,1.5188399999999547
if,842.2221,842.382,0.6394599999999855
we,842.382,842.5419,0.15989999999999327
can,842.5419,842.7817,0.15990000000010696
get,842.7817,842.86163,0.2397999999999456
a,842.86163,843.0215,0.07992999999999029
little,843.0215,843.2613,0.15986999999995533
bit,843.2613,843.4212,0.2398000000000593
more,843.4212,843.9212,0.15989999999999327
wiggle,844.1406,844.54034,0.7193999999999505
room,844.54034,844.78015,0.39974000000006527
for,845.2739,845.513,0.7335600000000113
everything,845.513,846.013,0.23910000000000764
because,846.07086,846.30994,0.5578600000000051
you,846.3896,846.4693,0.3187399999999343
know,846.4693,846.62866,0.07970000000000255
i,846.7881,846.86774,0.3188000000000102
i'm,847.1068,847.26624,0.3187000000000353
putting,847.26624,847.5053,0.1594400000000178
i,847.585,847.7444,0.3187599999999975
sold,847.7444,847.90375,0.1594000000000051
my,847.90375,848.0632,0.15934999999990396
house,848.0632,848.5632,0.15945000000010623
for,849.0991,849.4976,1.0358999999999696
you,849.657,849.7367,0.5579000000000178
know,849.7367,849.8164,0.07970000000000255
a,849.97577,850.21484,0.2390699999999697
hundred,850.21484,850.6133,0.2390699999999697
k,850.6133,851.09143,0.39846000000000004
for,851.09143,851.4102,0.47812999999996464
just,851.4102,851.4899,0.31877000000008593
a,851.4899,851.729,0.07970000000000255
down,851.729,851.9681,0.23910000000000764
payment,851.9681,852.4681,0.23910000000000764
in,853.3228,853.8228,1.3546999999999798
it,854.0401,854.19946,0.7173000000000229
in,854.19946,854.3588,0.1593599999999924
the,854.3588,854.5979,0.1593399999999292
in,854.5979,854.6776,0.23910000000000764
the,854.6776,854.837,0.07970000000000255
boat,854.837,854.9964,0.1594000000000051
so,855.9527,856.2715,1.1157000000000608
i,856.43085,856.5902,0.47814999999991414
think,856.5902,856.8293,0.15935000000001764
a,856.8293,856.9887,0.23910000000000764
hundred,856.9887,857.30743,0.1594000000000051
fifty,857.30743,857.6262,0.31872999999995955
five,857.6262,858.1044,0.31877000000008593
is,858.1044,858.6044,0.4782000000000153
is,859.06067,859.29974,0.956269999999904
is,859.29974,859.6185,0.23907000000008338
is,859.6185,859.8576,0.3187599999999975
pretty,859.8576,860.0967,0.23910000000000764
low,860.0967,860.25604,0.23910000000000764
considering,861.3085,861.62787,1.2117999999999256
everything,861.62787,862.02704,0.319370000000049
that,862.02704,862.34644,0.39917000000002645
has,862.34644,862.5061,0.31939999999997326
gone,862.5061,862.7456,0.1596599999999171
into,862.7456,862.90533,0.23950000000002092
it,862.90533,862.98517,0.15973000000008142
so,863.14484,863.3045,0.23950999999999567
right,870.6499,870.8894,7.505059999999958
okay,880.895,881.05505,10.24509999999998
okay,889.70496,889.86444,8.809960000000046
okay,899.43335,899.5131,9.72838999999999
okay,900.15106,900.2308,0.717710000000011
right,954.5121,954.67145,54.36104
right,963.141,963.3804,8.62889999999993
i,963.6996,963.8592,0.5586000000000695
i,964.0188,964.1784,0.31920000000002346
i,964.41785,964.4976,0.39904999999998836
i,964.6572,964.89667,0.23934999999994488
see,964.89667,965.2159,0.23946999999998297
your,965.2159,965.4553,0.3192300000000614
i,965.77454,965.8543,0.5586399999999685
i,965.93414,966.25336,0.1595999999999549
see,966.25336,966.3331,0.31922000000008666
your,966.3331,966.41296,0.07973999999990156
a,966.41296,966.5726,0.07986000000005333
reasoning,966.5726,967.0726,0.15963999999996759
behind,969.04645,969.54645,2.473850000000084
i,969.8597,969.9396,0.8132499999999254
i,970.0195,970.17926,0.15980000000001837
guess,970.17926,970.41895,0.15976000000000568
the,970.41895,970.57874,0.23968999999999596
number,970.57874,970.8184,0.15979000000004362
that's,970.8184,971.13794,0.23965999999995802
been,971.13794,971.2977,0.31953999999996086
put,971.2977,971.6173,0.15976000000000568
out,971.6173,971.857,0.31960000000003674
put,972.97546,973.13525,1.358159999999998
out,973.13525,973.37494,0.15979000000004362
but,973.93414,974.43414,0.7988899999999148
i,975.6119,975.85156,1.6777600000000348
i,975.93146,976.01135,0.31956000000002405
i,976.17114,976.41077,0.2396800000000212
still,976.41077,976.81024,0.23962999999992007
feel,976.81024,977.1298,0.39947000000006483
like,977.1298,977.6298,0.31956000000002405
it,980.32544,980.645,3.195639999999912
it,980.645,980.8847,0.31956000000002405
it's,980.8847,981.0445,0.23969999999997071
it,981.3641,981.5238,0.4794000000000551
it,981.5238,981.7635,0.15970000000004347
it,981.7635,982.0032,0.23969999999997071
might,982.0032,982.24286,0.23969999999997071
not,982.24286,982.40265,0.23965999999995802
be,982.40265,982.7222,0.15979000000004362
enough,982.7222,983.20154,0.3195500000000493
for,983.6809,983.8407,0.958699999999908
i,984.0005,984.1602,0.31960000000003674
guess,984.1602,984.2401,0.15970000000004347
plans,984.73376,984.8932,0.5735599999999295
that,984.8932,984.9729,0.1594400000000178
i,985.1324,985.2918,0.23919999999998254
have,985.2918,985.4513,0.1594000000000051
i,986.00934,986.16876,0.7175399999999854
i,986.32825,986.5674,0.3189100000000735
you,986.64716,986.8066,0.31890999999995984
know,986.8066,986.966,0.1594400000000178
was,988.2416,988.7416,1.4349999999999454
able,989.0388,989.3577,0.797200000000089
to,989.3577,989.5969,0.3188999999999851
see,989.5969,990.0969,0.23919999999998254
my,990.15497,990.39417,0.5580700000000434
colleague,990.39417,990.8725,0.23919999999998254
get,990.8725,991.11163,0.47832999999991443
around,991.11163,991.3508,0.23913000000004558
four,991.3508,991.66974,0.23917000000005828
hundred,991.66974,991.98865,0.3189399999999978
thousand,991.98865,992.3075,0.31890999999995984
dollars,992.3075,992.8075,0.31884999999999764
by,993.34393,993.58307,1.0364299999999957
selling,993.58307,993.902,0.23914000000002034
their,993.902,994.1412,0.31893000000002303
patent,994.1412,994.5398,0.23919999999998254
portfolio,994.5398,995.0398,0.39859999999998763
to,995.2573,995.49646,0.7174999999999727
fund,995.49646,995.73566,0.23915999999996984
their,995.73566,995.8951,0.23920000000009622
sa,995.8951,996.0545,0.1594399999999041
about,996.0545,996.5329,0.1594000000000051
and,997.48956,997.9679,1.4350600000000213
so,997.9679,998.4679,0.4783400000000029
for,999.2576,999.49634,1.289700000000039
something,999.49634,999.9737,0.23874000000000706
that,999.9737,1000.4737,0.477359999999976
is,1000.53064,1000.76935,0.5569399999999405
i,1001.08765,1001.1672,0.5570100000001048
i,1001.3263,1001.4059,0.23864999999989323
think,1001.4059,1001.565,0.07960000000002765
i,1001.8037,1001.88324,0.39780000000007476
guess,1001.88324,1001.9628,0.07953999999995176
a,1002.12195,1002.28107,0.2387099999999691
patent,1002.28107,1002.6789,0.1591200000000299
that,1002.6789,1003.1789,0.397829999999999
in,1003.55414,1003.71326,0.8752399999999625
the,1003.71326,1003.8724,0.1591200000000299
work,1003.8724,1004.2702,0.1591399999999794
that's,1004.2702,1004.7702,0.39780000000007476
potentially,1005.782,1006.1798,1.5117999999999938
contributing,1006.1798,1006.57764,0.3977999999999611
less,1006.57764,1007.07764,0.39783999999997377
compared,1007.6915,1007.93024,1.1138600000000451
to,1007.93024,1008.16895,0.23874000000000706
some,1008.16895,1008.32806,0.2387099999999691
of,1008.32806,1008.5668,0.15911000000005515
you,1008.6463,1008.7259,0.3182399999999461
know,1008.7259,1008.885,0.07960000000002765
the,1009.1237,1009.28284,0.3977999999999611
work,1009.28284,1009.44196,0.1591399999999794
in,1009.44196,1009.52155,0.1591200000000299
a,1009.52155,1009.76025,0.0795900000000529
portfolio,1009.76025,1010.158,0.23869999999999436
that,1010.158,1010.3172,0.3977499999999736
i,1010.3967,1010.79456,0.23869999999999436
contribute,1010.79456,1011.11285,0.39786000000003696
with,1011.11285,1011.1924,0.31828999999993357
the,1011.1924,1011.4311,0.0795500000000402
with,1011.84454,1012.0041,0.6521400000000313
the,1012.0041,1012.3233,0.1595599999999422
the,1012.3233,1012.40314,0.31920000000002346
university,1012.40314,1012.90314,0.07983999999999014
i,1013.99915,1014.1587,1.5960099999999784
i,1014.2385,1014.39813,0.23935000000005857
think,1014.39813,1014.7971,0.15962999999999283
that,1014.7971,1015.2971,0.39896999999996297
that,1015.99414,1016.2335,1.1970400000000154
number,1016.2335,1016.6325,0.23936000000003332
is,1016.6325,1016.7921,0.3990000000000009
just,1016.7921,1017.27094,0.1595999999999549
isn't,1017.27094,1017.7497,0.47883999999999105
really,1017.7497,1018.0689,0.47875999999996566
within,1018.0689,1018.5689,0.31920000000002346
a,1019.98413,1020.14374,1.915230000000065
a,1020.14374,1020.30334,0.15960999999992964
feasible,1020.30334,1020.70233,0.15960000000006858
range,1020.70233,1020.9417,0.39898999999991247
so,1021.1013,1021.6013,0.39897000000007665
if,1022.5377,1023.0377,1.436399999999935
you,1023.17615,1023.3357,0.6384500000000344
know,1023.3357,1023.57513,0.15954999999996744
if,1025.0913,1025.3307,1.7556000000000722
we,1025.3307,1025.4904,0.23939999999993233
could,1025.4904,1025.6499,0.1596999999999298
meet,1025.6499,1025.8893,0.15949999999998
somewhere,1025.8893,1026.3893,0.2394000000001597
maybe,1026.4479,1026.9479,0.5585999999998421
in,1028.8531,1029.0122,2.40520000000015
the,1029.0122,1029.1714,0.15909999999985303
middle,1029.1714,1029.41,0.1592000000000553
between,1030.6034,1031.0807,1.4320000000000164
let's,1032.7515,1033.1492,2.148100000000113
say,1033.1492,1033.6492,0.3976999999999862
my,1034.5017,1034.6608,1.3524999999999636
target,1034.6608,1034.979,0.1591000000000804
price,1034.979,1035.2177,0.3181999999999334
was,1035.2177,1035.4563,0.23869999999988067
three,1035.4563,1035.6951,0.23860000000013315
seventy,1035.6951,1036.0133,0.23879999999985557
five,1036.0133,1036.1724,0.3182000000001608
yours,1036.411,1036.6497,0.3976999999999862
was,1036.6497,1037.1497,0.23869999999988067
two,1037.5248,1038.0248,0.8750999999999749
fifteen,1038.1613,1038.4795,0.6365000000000691
if,1040.8025,1041.1212,2.641200000000026
if,1041.1212,1041.3602,0.3187000000000353
we,1041.3602,1041.44,0.23900000000003274
can,1041.44,1041.5992,0.07979999999997744
meet,1041.5992,1041.7587,0.1592000000000553
like,1041.8383,1041.918,0.23909999999978027
three,1042.0773,1042.3164,0.23900000000003274
hundred,1042.3164,1042.7147,0.23910000000000764
i,1043.6708,1043.7505,1.3544000000001688
think,1043.7505,1043.9895,0.07970000000000255
that's,1043.9895,1044.4895,0.23899999999980537
a,1044.7863,1045.1847,0.7968000000000757
fairly,1045.1847,1045.583,0.39840000000003783
reasonable,1045.583,1046.083,0.39830000000006294
amount,1047.4155,1047.9155,1.8324999999999818
to,1048.053,1048.2123,0.6375000000000455
fund,1048.2123,1048.3717,0.15929999999980282
everything,1048.3717,1048.8717,0.1594000000000051
okay,1054.53,1054.69,6.158300000000054
okay,1055.97,1056.13,1.4400000000000546
yeah,1057.25,1057.41,1.2799999999999727
if,1057.8099,1058.05,0.5598999999999705
if,1058.05,1058.29,0.240099999999984
if,1058.29,1058.53,0.2400000000000091
that's,1058.53,1059.03,0.2400000000000091
if,1059.41,1059.57,0.8800000000001091
that's,1059.57,1059.8099,0.15999999999985448
something,1059.8099,1060.21,0.2399000000000342
that,1060.21,1060.61,0.40010000000006585
is,1060.61,1061.09,0.3999999999998636
perfectly,1061.09,1061.57,0.4800000000000182
fine,1061.57,1061.89,0.4800000000000182
with,1061.89,1062.13,0.3200000000001637
you,1062.13,1062.37,0.2400000000000091
that,1064.7837,1064.9429,2.6536999999998443
should,1064.9429,1065.0225,0.1592000000000553
be,1065.0225,1065.1818,0.07960000000002765
fine,1065.1818,1065.341,0.1593000000000302
with,1065.341,1065.4205,0.15919999999982792
me,1065.4205,1065.5798,0.07950000000005275
and,1065.739,1065.8186,0.3185000000000855
then,1065.8186,1066.1371,0.07960000000002765
that,1066.1371,1066.5352,0.3184999999998581
includes,1066.5352,1066.774,0.39810000000011314
everything,1066.774,1067.274,0.23879999999985557
for,1067.411,1067.5702,0.637000000000171
the,1067.5702,1068.0702,0.1592000000000553
twenty,1068.2072,1068.5256,0.6369999999999436
one,1068.5256,1069.0033,0.3183999999998832
twenty,1069.0033,1069.481,0.4777000000001408
that's,1069.7994,1070.1179,0.796100000000024
covered,1070.1179,1070.2771,0.3184999999998581
for,1070.2771,1070.4364,0.1592000000000553
the,1070.4364,1070.5956,0.1593000000000302
twenty,1070.5956,1070.7548,0.1592000000000553
month,1070.7548,1070.9937,0.15919999999982792
and,1070.9937,1071.1528,0.23890000000005784
the,1071.1528,1071.6528,0.1591000000000804
last,1072.4268,1072.6655,1.2739999999998872
month,1072.6655,1072.8248,0.23870000000010805
would,1072.8248,1072.984,0.1593000000000302
be,1072.984,1073.1433,0.15919999999982792
i,1073.3821,1073.4618,0.39810000000011314
guess,1073.4618,1073.5414,0.07970000000000255
out,1073.7006,1073.8599,0.23879999999985557
of,1073.8599,1074.019,0.1593000000000302
the,1074.019,1074.1782,0.1591000000000804
return,1074.1782,1074.4171,0.1592000000000553
fund,1074.4171,1074.4967,0.23889999999983047
correct,1074.656,1074.8152,0.23890000000005784
just,1075.7706,1076.2483,1.1146000000001095
double,1076.2483,1076.5668,0.4776999999999134
check,1076.5668,1076.6464,0.3185000000000855
okay,1077.5394,1077.6194,0.9725999999998294
okay,1078.4987,1078.5786,0.9593000000002121
okay,1079.8575,1079.9375,1.3587999999999738
yeah,1080.4171,1080.657,0.5595999999998185
if,1081.4563,1081.9359,1.0392000000001644
if,1081.9359,1082.1757,0.4795999999998912
three,1082.1757,1082.4155,0.2398000000000593
hundred,1082.4155,1082.7352,0.2398000000000593
thousand,1082.7352,1083.2352,0.31970000000001164
works,1083.4547,1083.6945,0.7194999999999254
with,1083.6945,1083.9343,0.2398000000000593
you,1083.9343,1084.0941,0.23979999999983193
then,1085.2133,1085.7133,1.2789999999999964
that,1086.6521,1086.812,1.4388000000001284
should,1086.812,1086.9718,0.15989999999987958
work,1086.9718,1087.1317,0.15980000000013206
with,1087.1317,1087.3716,0.15989999999987958
me,1087.3716,1087.4514,0.2399000000000342
that's,1087.8511,1088.091,0.4795000000001437
fine,1088.091,1088.3307,0.23989999999980682
are,1097.9235,1098.1628,9.83250000000021
neither,1098.1628,1098.4022,0.23929999999995744
there,1098.4022,1098.5619,0.23939999999993233
hey,1099.7589,1099.9185,1.3567000000000462
i,1100.2377,1100.3972,0.47879999999986467
saw,1100.3972,1100.5569,0.15950000000020736
the,1100.5569,1100.7164,0.1596999999999298
plans,1100.7164,1101.2164,0.15949999999998
negotiate,1101.4347,1101.5942,0.7182999999999993
for,1101.5942,1101.7539,0.15949999999998
thirty,1101.7539,1101.9933,0.1596999999999298
minutes,1101.9933,1102.0731,0.2394000000001597
was,1102.2327,1102.3125,0.23939999999993233
like,1102.3125,1102.3922,0.07979999999997744
i,1102.5519,1102.7114,0.23939999999993233
don't,1102.7114,1102.7913,0.15949999999998
know,1102.7913,1102.8711,0.07990000000017972
if,1102.8711,1102.9509,0.07979999999997744
i,1103.1105,1103.1903,0.23939999999993233
can,1103.1903,1103.5095,0.07979999999997744
negotiate,1103.5095,1103.7489,0.3191999999999098
for,1103.7489,1103.8286,0.2394000000001597
thirty,1103.8286,1104.1478,0.07970000000000255
minutes,1104.1478,1104.3873,0.3191999999999098
i,1113.9795,1114.0593,9.831699999999955
don't,1114.0593,1114.2189,0.07979999999997744
yeah,1114.3785,1114.6978,0.31920000000013715
yeah,1115.8949,1115.9747,1.516399999999976
yeah,1116.294,1116.3738,0.3991000000000895
i,1116.6133,1116.7728,0.3192999999998847
am,1116.7728,1117.0123,0.15949999999998
are,1118.465,1118.545,1.692199999999957
you,1118.545,1118.7051,0.08000000000015461
as,1118.7051,1118.9451,0.16009999999982938
well,1118.9451,1119.105,0.2400000000000091
okay,1121.745,1121.905,2.7998999999999796
i,1122.145,1122.645,0.40000000000009095
oh,1124.0651,1124.145,1.9201000000000477
you,1124.305,1124.385,0.2399000000000342
just,1124.385,1124.625,0.07999999999992724
graduated,1124.625,1125.105,0.2400000000000091
how,1127.105,1127.265,2.480000000000018
was,1127.265,1127.505,0.16000000000008185
it,1127.505,1127.745,0.2400000000000091
okay,1136.5599,1136.72,9.054899999999861
okay,1138.0,1138.08,1.4401000000000295
yeah,1138.32,1138.48,0.31999999999993634
no,1138.72,1138.96,0.40000000000009095
no,1139.2799,1139.36,0.5598999999999705
no,1139.6799,1139.7599,0.40000000000009095
yeah,1140.0,1140.08,0.32009999999991123
i,1140.32,1140.6399,0.31999999999993634
okay,1145.2118,1145.3712,4.891800000000103
yeah,1145.5305,1145.6898,0.3187000000000353
no,1145.9288,1146.0085,0.39829999999983556
i,1146.2476,1146.407,0.3188000000000102
i,1146.4866,1146.646,0.23900000000003274
was,1146.646,1147.0443,0.1594000000000051
a,1147.0443,1147.124,0.39830000000006294
little,1147.124,1147.363,0.07970000000000255
bit,1147.363,1147.4426,0.23900000000003274
i,1147.6816,1147.7614,0.318599999999833
just,1147.7614,1147.9207,0.07980000000020482
woke,1147.9207,1148.1597,0.15929999999980282
up,1148.1597,1148.6597,0.23900000000003274
i,1148.8767,1148.9564,0.7170000000000982
like,1148.9564,1149.0361,0.07970000000000255
five,1149.1954,1149.3547,0.23900000000003274
minutes,1149.3547,1149.7532,0.1593000000000302
before,1149.7532,1150.2532,0.39850000000001273
this,1150.5499,1151.0499,0.7966999999998734
thing,1152.3026,1152.6213,1.7527000000000044
so,1155.6489,1155.888,3.3462999999999283
i,1156.127,1156.2065,0.4781000000000404
was,1156.2065,1156.366,0.07950000000005275
like,1156.4456,1156.5253,0.23910000000000764
i,1156.9236,1157.0033,0.4780000000000655
was,1157.0033,1157.083,0.07970000000000255
like,1157.083,1157.322,0.07970000000000255
waking,1157.322,1157.6407,0.23899999999980537
up,1157.6407,1157.8,0.3187000000000353
been,1157.8,1157.9594,0.1593000000000302
trying,1157.9594,1158.0391,0.1594000000000051
to,1158.0391,1158.3578,0.07970000000000255
reboot,1158.3578,1158.7561,0.3187000000000353
but,1160.608,1160.7678,2.25019999999995
yeah,1161.0076,1161.0874,0.399599999999964
now,1161.3271,1161.4869,0.31950000000006185
now,1161.9663,1162.4457,0.6392000000000735
now,1162.4457,1162.9457,0.47939999999994143
looking,1163.0049,1163.3245,0.5591999999999189
back,1163.3245,1163.644,0.31960000000003674
and,1163.644,1163.8038,0.31950000000006185
thinking,1163.8038,1164.1234,0.15979999999990468
back,1164.1234,1164.4431,0.31960000000003674
that,1164.4431,1164.8425,0.31970000000001164
that,1164.8425,1165.0823,0.3994000000000142
makes,1165.0823,1165.2421,0.2398000000000593
sense,1165.2421,1165.5616,0.15979999999990468
when,1165.5616,1165.7214,0.31950000000006185
you,1165.7214,1165.8013,0.15979999999990468
laid,1165.8013,1165.961,0.07990000000017972
out,1165.961,1166.2008,0.1596999999999298
every,1166.2008,1166.4404,0.2398000000000593
number,1166.4404,1166.76,0.23959999999988213
when,1166.76,1166.9198,0.31960000000003674
you,1166.9198,1167.0796,0.15979999999990468
were,1167.0796,1167.2394,0.15980000000013206
reading,1167.2394,1167.3193,0.15979999999990468
when,1167.559,1167.6389,0.31960000000003674
you,1167.6389,1167.8785,0.07989999999995234
like,1168.0383,1168.1183,0.3994000000000142
when,1169.077,1169.2368,1.0387000000000626
you,1169.2368,1169.3168,0.15979999999990468
were,1169.3168,1169.5564,0.08000000000015461
telling,1169.5564,1169.7162,0.23959999999988213
it,1169.7162,1169.7961,0.15980000000013206
to,1169.7961,1169.876,0.07989999999995234
me,1169.876,1169.9559,0.07989999999995234
i,1170.1157,1170.1956,0.2397000000000844
was,1170.1956,1170.2755,0.07989999999995234
like,1170.2755,1170.4353,0.07989999999995234
okay,1170.7549,1170.9147,0.47939999999994143
but,1171.7136,1171.8734,0.9587000000001353
yeah,1172.0332,1172.273,0.31960000000003674
no,1172.5925,1172.7523,0.5592999999998938
that,1173.0719,1173.2317,0.47939999999994143
makes,1173.2317,1173.4713,0.15980000000013206
sense,1173.4713,1173.711,0.23959999999988213
yeah,1182.9778,1183.3766,9.50649999999996
i,1183.855,1184.0145,0.8772000000001299
i,1184.174,1184.2538,0.31899999999996
think,1184.2538,1184.4132,0.07979999999997744
i,1184.5728,1184.6525,0.31899999999996
think,1184.6525,1184.8119,0.07970000000000255
i,1184.9714,1185.45,0.3188999999999851
kind,1185.45,1185.6094,0.47860000000014224
of,1185.6094,1186.0082,0.1594000000000051
mis,1186.0082,1186.3271,0.3987999999999374
misinterpreted,1186.3271,1186.8271,0.3188999999999851
some,1186.8854,1187.1245,0.5582999999999174
stuff,1187.1245,1187.284,0.23910000000000764
but,1187.4435,1187.9435,0.31900000000018736
it's,1188.4005,1188.6396,0.95699999999988
whatever,1188.6396,1189.1182,0.23910000000000764
yeah,1194.3195,1194.7185,5.679900000000089
neither,1197.1125,1197.5913,2.7929999999998927
are,1200.7035,1200.8632,3.591000000000122
you,1200.8632,1200.9429,0.1596999999999298
still,1200.9429,1201.0227,0.07970000000000255
on,1201.0227,1201.2621,0.07979999999997744
campus,1201.2621,1201.4218,0.23939999999993233
after,1201.6611,1202.06,0.3990000000001146
graduation,1202.06,1202.2197,0.3988999999999123
when,1202.3793,1202.4591,0.31930000000011205
was,1202.4591,1202.539,0.07979999999997744
his,1202.539,1202.6985,0.07989999999995234
graduation,1203.0975,1203.2571,0.5585000000000946
was,1203.3369,1203.4167,0.23939999999993233
like,1203.4167,1203.4965,0.07979999999997744
a,1203.6561,1203.8157,0.23939999999993233
day,1203.8157,1204.055,0.15960000000018226
ago,1204.055,1204.1349,0.23929999999995744
right,1204.2946,1204.4541,0.23959999999988213
i'm,1210.4528,1210.6123,6.158200000000079
a,1210.6123,1210.7719,0.15949999999998
sophomore,1210.7719,1211.0911,0.1595999999999549
so,1211.2506,1211.4102,0.47870000000011714
yeah,1215.3989,1215.4788,4.148299999999836
yeah,1215.718,1215.7979,0.31910000000016225
a,1215.9574,1216.117,0.23939999999993233
pen,1216.117,1216.1967,0.1595999999999549
in,1216.1967,1216.3563,0.07970000000000255
a,1216.3563,1216.5159,0.1595999999999549
pen,1216.5159,1216.6754,0.15960000000018226
that's,1219.1484,1219.6484,2.6324999999999363
yeah,1220.7598,1220.9196,1.6114000000000033
this,1221.2394,1221.4791,0.4795999999998912
is,1221.4791,1221.8788,0.2397000000000844
this,1221.8788,1221.9587,0.3996999999999389
is,1221.9587,1222.1187,0.07989999999995234
a,1222.1187,1222.2784,0.16000000000008185
i'm,1223.1577,1223.3976,1.0389999999999873
assuming,1223.3976,1223.6373,0.2399000000000342
a,1223.6373,1223.7972,0.2397000000000844
pen,1223.7972,1224.2972,0.15989999999987958
only,1224.9163,1225.4163,1.1191000000001168
session,1225.7955,1226.0354,0.8791999999998552
okay,1231.6307,1231.7906,5.835199999999986
okay,1233.725,1233.8849,2.0942999999999756
yeah,1234.205,1234.445,0.4800000000000182
i,1236.365,1236.5249,2.160000000000082
was,1236.5249,1236.9249,0.15989999999987958
i,1237.085,1237.245,0.5601000000001477
was,1237.245,1237.485,0.15999999999985448
afraid,1237.485,1237.725,0.2400000000000091
i,1238.0449,1238.2849,0.5599000000001979
guess,1238.2849,1238.445,0.2400000000000091
i,1238.5249,1238.605,0.23999999999978172
wasn't,1238.605,1238.845,0.08010000000012951
afraid,1238.845,1239.085,0.2400000000000091
because,1239.085,1239.325,0.2400000000000091
it,1239.325,1239.4049,0.2400000000000091
doesn't,1239.4049,1239.6449,0.07989999999995234
affect,1239.6449,1239.8049,0.2400000000000091
me,1239.8049,1239.965,0.16000000000008185
at,1239.965,1240.0449,0.16009999999982938
all,1240.0449,1240.205,0.07990000000017972
but,1240.365,1240.865,0.32009999999991123
i,1241.1649,1241.4049,0.7998999999999796
was,1241.4049,1241.565,0.2400000000000091
like,1241.6449,1241.8849,0.2400000000000091
hearing,1242.7649,1243.245,1.1199999999998909
that,1243.245,1243.745,0.4800999999999931
like,1244.9393,1245.0192,1.694300000000112
comic,1245.1788,1245.3385,0.23949999999990723
like,1245.4982,1245.658,0.31940000000008695
in,1245.8176,1245.8975,0.31940000000008695
that,1245.8975,1246.2968,0.07989999999995234
communication,1246.2968,1246.3766,0.3993000000000393
graduation,1246.9355,1247.175,0.6386999999999716
stuff,1247.175,1247.4944,0.23949999999990723
might,1247.4944,1247.6542,0.31940000000008695
be,1247.6542,1247.734,0.15979999999990468
like,1247.8138,1247.8937,0.1595999999999549
affected,1248.1332,1248.4526,0.31940000000008695
by,1248.4526,1248.9526,0.31940000000008695
everything,1249.4906,1249.9906,1.038000000000011
that,1250.2092,1250.369,0.718599999999924
was,1250.369,1250.5287,0.15979999999990468
going,1250.5287,1250.848,0.15970000000015716
on,1250.848,1251.2473,0.3192999999998847
on,1251.2473,1251.4868,0.3993000000000393
campus,1251.4868,1251.8063,0.23949999999990723
and,1251.8063,1252.0458,0.31950000000006185
stuff,1252.0458,1252.2853,0.2395000000001346
and,1252.6047,1252.7644,0.5588999999999942
i,1252.8442,1252.9241,0.23949999999990723
was,1252.9241,1253.0839,0.07989999999995234
like,1253.1637,1253.3234,0.2396000000001095
like,1253.5629,1253.6427,0.399199999999837
because,1253.7227,1253.8025,0.15980000000013206
i,1253.9622,1254.1218,0.23949999999990723
have,1254.1218,1254.2017,0.1595999999999549
a,1254.2017,1254.2815,0.07990000000017972
couple,1254.2815,1254.4413,0.07979999999997744
of,1254.4413,1254.5211,0.15979999999990468
friends,1254.5211,1254.7606,0.07979999999997744
that,1254.7606,1254.8405,0.2395000000001346
are,1254.8405,1255.0002,0.07989999999995234
graduating,1255.0002,1255.5002,0.1596999999999298
this,1255.8785,1256.0382,0.8783000000000811
year,1256.0382,1256.1979,0.1596999999999298
as,1256.1979,1256.3577,0.1596999999999298
well,1256.3577,1256.5173,0.15980000000013206
and,1256.677,1256.8367,0.3192999999998847
they,1256.8367,1256.9165,0.15970000000015716
were,1256.9165,1256.9963,0.07979999999997744
worried,1256.9963,1257.3158,0.07979999999997744
about,1257.3158,1257.4755,0.31950000000006185
that,1257.4755,1257.7151,0.1596999999999298
because,1257.7151,1257.9546,0.23959999999988213
they,1257.9546,1258.1941,0.2395000000001346
came,1258.1941,1258.3538,0.23949999999990723
in,1258.3538,1258.5135,0.15970000000015716
or,1258.753,1258.8329,0.399199999999837
i,1258.9127,1258.9926,0.15970000000015716
guess,1258.9926,1259.0725,0.07989999999995234
like,1259.1523,1259.312,0.1596999999999298
you,1259.3918,1259.5515,0.2395000000001346
came,1259.5515,1259.6313,0.1596999999999298
in,1259.6313,1259.871,0.07979999999997744
as,1259.871,1260.0306,0.2397000000000844
well,1260.0306,1260.1903,0.1595999999999549
freshman,1260.685,1261.005,0.654399999999896
you're,1261.005,1261.165,0.3200000000001637
with,1261.165,1261.245,0.15999999999985448
covid,1261.3251,1261.5651,0.16010000000005675
and,1261.5651,1261.725,0.2400000000000091
everything,1261.725,1262.2051,0.15989999999987958
and,1262.2051,1262.285,0.4800999999999931
they're,1262.285,1262.525,0.07990000000017972
like,1262.525,1262.605,0.2400000000000091
wow,1262.765,1262.925,0.2400000000000091
like,1263.165,1263.245,0.3999999999998636
if,1263.405,1263.5651,0.2400000000000091
we,1263.5651,1263.725,0.16010000000005675
graduate,1263.725,1264.125,0.15989999999987958
everything's,1264.125,1264.625,0.40000000000009095
online,1264.685,1264.845,0.5599999999999454
like,1265.0851,1265.245,0.40010000000006585
colombia,1265.405,1265.885,0.31989999999996144
then,1265.885,1266.385,0.4800000000000182
we're,1267.005,1267.505,1.1200000000001182
pissed,1267.645,1267.885,0.6399999999998727
oh,1276.1383,1276.2982,8.49330000000009
i,1276.618,1276.6979,0.4796999999998661
mean,1276.6979,1276.8578,0.07989999999995234
you're,1277.1776,1277.4174,0.4797000000000935
done,1277.4174,1277.6572,0.2398000000000593
now,1277.6572,1277.8171,0.2398000000000593
with,1277.8171,1278.2968,0.15989999999987958
with,1278.2968,1278.5366,0.4797000000000935
college,1278.5366,1278.7765,0.23979999999983193
so,1279.0962,1279.5962,0.5596000000000458
financing,1290.1372,1290.4562,11.04099999999994
and,1290.4562,1290.6954,0.31900000000018736
stats,1290.6954,1291.0144,0.23919999999998254
yeah,1293.4866,1293.7258,2.7911999999998898
what,1293.9651,1294.2043,0.47849999999994
are,1294.2043,1294.3638,0.2392000000002099
you,1294.3638,1294.5233,0.15949999999998
okay,1300.5992,1300.7588,6.235400000000027
okay,1300.9983,1301.1578,0.3990999999998621
i,1303.9508,1304.0306,2.9525000000001
wasn't,1304.0306,1304.27,0.07979999999997744
gonna,1304.27,1304.4297,0.23939999999993233
send,1304.4297,1304.5892,0.1596999999999298
anything,1304.5892,1304.9883,0.15949999999998
but,1304.9883,1305.2277,0.3991000000000895
okay,1315.5219,1315.7612,10.533599999999979
okay,1318.7218,1318.8809,3.1999000000000706
okay,1320.1539,1320.3131,1.4320999999999913
okay,1320.6313,1320.7905,0.4773999999999887
what,1321.2678,1321.3474,0.6365000000000691
are,1321.3474,1321.427,0.07960000000002765
you,1321.427,1321.8248,0.07959999999980027
planning,1321.8248,1322.0635,0.39780000000018845
to,1322.0635,1322.1431,0.23869999999988067
do,1322.1431,1322.3818,0.07960000000002765
after,1322.3818,1322.7001,0.23870000000010805
okay,1326.9966,1327.1556,4.614799999999832
okay,1327.7922,1327.9513,0.7956000000001495
nice,1328.5083,1328.9061,0.7160999999998694
nice,1329.6381,1329.8772,1.129799999999932
does,1330.754,1330.9135,1.1159000000000106
that,1330.9135,1331.3917,0.15950000000020736
start,1331.3917,1331.87,0.4781999999997879
in,1331.87,1332.37,0.4782999999999902
august,1333.6235,1334.1235,1.753500000000031
yeah,1341.435,1341.7539,7.811500000000024
okay,1347.1995,1347.3593,5.764499999999998
okay,1349.0372,1349.197,1.8377000000000407
are,1349.3568,1349.5166,0.31960000000003674
you,1349.5166,1349.7562,0.15979999999990468
are,1349.7562,1349.8362,0.2396000000001095
you,1349.8362,1349.996,0.07999999999992724
planning,1349.996,1350.3156,0.15980000000013206
on,1350.3156,1350.4753,0.31959999999980937
just,1350.4753,1350.5553,0.15970000000015716
like,1350.6351,1350.7151,0.15979999999990468
traveling,1350.8749,1351.2744,0.2398000000000593
this,1351.2744,1351.4342,0.3994999999999891
summer,1351.4342,1351.7538,0.15979999999990468
then,1351.7538,1351.9136,0.31960000000003674
so,1362.8766,1363.0365,11.122800000000097
i,1363.1165,1363.1964,0.2399000000000342
just,1363.1964,1363.3562,0.07989999999995234
i,1366.3138,1366.3937,3.1173999999998614
don't,1366.3937,1366.6335,0.07990000000017972
see,1366.6335,1366.9532,0.23979999999983193
anywhere,1366.9532,1367.3529,0.31970000000001164
to,1367.3529,1367.5928,0.39970000000016626
leave,1367.5928,1367.8325,0.23989999999980682
it,1367.8325,1368.1522,0.2397000000000844
i,1376.9651,1377.285,9.132599999999911
i,1377.4451,1377.525,0.4800000000000182
don't,1377.525,1377.765,0.07990000000017972
see,1377.765,1377.8451,0.2400000000000091
anything,1377.8451,1378.3251,0.08009999999990214
to,1378.3251,1378.5651,0.4800000000000182
leave,1378.5651,1378.885,0.2400000000000091
okay,1382.7251,1382.885,4.160000000000082
okay,1383.285,1383.4451,0.5598999999999705
never,1404.1782,1404.4178,20.89319999999998
me,1404.4178,1404.8173,0.23959999999988213
middle,1404.8173,1405.2167,0.3994999999999891
